millis,node,x,y,rssi,distance,target_x,target_y
9,2,45,0,-80.253,44.9712,44.9712,44.9712
9,4,90,45,-80.254,45.0288,44.9712,44.9712
9,5,0,45,-80.253,44.9712,44.9712,44.9712
9,7,45,90,-80.254,45.0288,44.9712,44.9712
108,2,45,0,-80.1613,44.656,44.6547,44.6547
108,5,0,45,-80.1613,44.656,44.6547,44.6547
108,4,90,45,-80.3456,45.3467,44.6547,44.6547
108,7,45,90,-80.3456,45.3467,44.6547,44.6547
208,2,45,0,-80.0692,44.3414,44.3365,44.3365
208,5,0,45,-80.0692,44.3414,44.3365,44.3365
208,4,90,45,-80.4378,45.6684,44.3365,44.3365
208,7,45,90,-80.4378,45.6684,44.3365,44.3365
308,2,45,0,-79.9771,44.0292,44.0183,44.0183
308,5,0,45,-79.9771,44.0292,44.0183,44.0183
308,4,90,45,-80.5298,45.9922,44.0183,44.0183
308,7,45,90,-80.5298,45.9922,44.0183,44.0183
408,2,45,0,-79.8851,43.7194,43.7001,43.7001
408,5,0,45,-79.8851,43.7194,43.7001,43.7001
408,4,90,45,-80.6218,46.3182,43.7001,43.7001
408,7,45,90,-80.6218,46.3182,43.7001,43.7001
508,2,45,0,-79.7932,43.412,43.3819,43.3819
508,5,0,45,-79.7932,43.412,43.3819,43.3819
508,4,90,45,-80.7138,46.6462,43.3819,43.3819
508,7,45,90,-80.7138,46.6462,43.3819,43.3819
608,2,45,0,-79.7014,43.1072,43.0637,43.0637
608,5,0,45,-79.7014,43.1072,43.0637,43.0637
608,4,90,45,-80.8057,46.9763,43.0637,43.0637
608,7,45,90,-80.8057,46.9763,43.0637,43.0637
708,2,45,0,-79.6097,42.8049,42.7455,42.7455
708,5,0,45,-79.6097,42.8049,42.7455,42.7455
708,4,90,45,-80.8974,47.3083,42.7455,42.7455
708,7,45,90,-80.8974,47.3083,42.7455,42.7455
808,2,45,0,-79.5181,42.5052,42.4273,42.4273
808,5,0,45,-79.5181,42.5052,42.4273,42.4273
808,4,90,45,-80.9891,47.6422,42.4273,42.4273
808,7,45,90,-80.9891,47.6422,42.4273,42.4273
908,2,45,0,-79.4267,42.2082,42.1091,42.1091
908,5,0,45,-79.4267,42.2082,42.1091,42.1091
908,4,90,45,-81.0806,47.9781,42.1091,42.1091
908,7,45,90,-81.0806,47.9781,42.1091,42.1091
1008,2,45,0,-79.3356,41.9139,41.7909,41.7909
1008,5,0,45,-79.3356,41.9139,41.7909,41.7909
1008,4,90,45,-81.172,48.3158,41.7909,41.7909
1008,7,45,90,-81.172,48.3158,41.7909,41.7909
1108,2,45,0,-79.2446,41.6224,41.4727,41.4727
1108,5,0,45,-79.2446,41.6224,41.4727,41.4727
1108,4,90,45,-81.2633,48.6553,41.4727,41.4727
1108,7,45,90,-81.2633,48.6553,41.4727,41.4727
1208,2,45,0,-79.1539,41.3338,41.1545,41.1545
1208,5,0,45,-79.1539,41.3338,41.1545,41.1545
1208,4,90,45,-81.3544,48.9967,41.1545,41.1545
1208,7,45,90,-81.3544,48.9967,41.1545,41.1545
1308,2,45,0,-79.0635,41.048,40.8363,40.8363
1308,5,0,45,-79.0635,41.048,40.8363,40.8363
1308,4,90,45,-81.4453,49.3397,40.8363,40.8363
1308,7,45,90,-81.4453,49.3397,40.8363,40.8363
1408,2,45,0,-78.9734,40.7652,40.5181,40.5181
1408,5,0,45,-78.9734,40.7652,40.5181,40.5181
1408,4,90,45,-81.536,49.6845,40.5181,40.5181
1408,7,45,90,-81.536,49.6845,40.5181,40.5181
1508,2,45,0,-78.8837,40.4855,40.1999,40.1999
1508,5,0,45,-78.8837,40.4855,40.1999,40.1999
1508,4,90,45,-81.6266,50.0309,40.1999,40.1999
1508,7,45,90,-81.6266,50.0309,40.1999,40.1999
1608,2,45,0,-78.7943,40.2088,39.8817,39.8817
1608,5,0,45,-78.7943,40.2088,39.8817,39.8817
1608,4,90,45,-81.7169,50.379,39.8817,39.8817
1608,7,45,90,-81.7169,50.379,39.8817,39.8817
1708,2,45,0,-78.7053,39.9353,39.5635,39.5635
1708,5,0,45,-78.7053,39.9353,39.5635,39.5635
1708,4,90,45,-81.8071,50.7287,39.5635,39.5635
1708,7,45,90,-81.8071,50.7287,39.5635,39.5635
1808,2,45,0,-78.6168,39.665,39.2453,39.2453
1808,5,0,45,-78.6168,39.665,39.2453,39.2453
1808,4,90,45,-81.897,51.0799,39.2453,39.2453
1808,7,45,90,-81.897,51.0799,39.2453,39.2453
1908,2,45,0,-78.5288,39.398,38.9271,38.9271
1908,5,0,45,-78.5288,39.398,38.9271,38.9271
1908,4,90,45,-81.9867,51.4327,38.9271,38.9271
1908,7,45,90,-81.9867,51.4327,38.9271,38.9271
2008,2,45,0,-78.4412,39.1343,38.6089,38.6089
2008,5,0,45,-78.4412,39.1343,38.6089,38.6089
2108,2,45,0,-78.3542,38.8741,38.2907,38.2907
2108,5,0,45,-78.3542,38.8741,38.2907,38.2907
2208,2,45,0,-78.2679,38.6173,37.9725,37.9725
2208,5,0,45,-78.2679,38.6173,37.9725,37.9725
2308,2,45,0,-78.1821,38.3641,37.6543,37.6543
2308,5,0,45,-78.1821,38.3641,37.6543,37.6543
2408,2,45,0,-78.097,38.1146,37.3361,37.3361
2408,5,0,45,-78.097,38.1146,37.3361,37.3361
2508,2,45,0,-78.0126,37.8687,37.0179,37.0179
2508,5,0,45,-78.0126,37.8687,37.0179,37.0179
2608,2,45,0,-77.929,37.6266,36.6997,36.6997
2608,5,0,45,-77.929,37.6266,36.6997,36.6997
2708,2,45,0,-77.8462,37.3884,36.3815,36.3815
2708,5,0,45,-77.8462,37.3884,36.3815,36.3815
2808,2,45,0,-77.7642,37.1541,36.0633,36.0633
2808,5,0,45,-77.7642,37.1541,36.0633,36.0633
2808,1,0,0,-81.8943,51.0012,36.0633,36.0633
2908,2,45,0,-77.6831,36.9238,35.7451,35.7451
2908,5,0,45,-77.6831,36.9238,35.7451,35.7451
2908,1,0,0,-81.7789,50.5512,35.7451,35.7451
3008,2,45,0,-77.603,36.6976,35.4269,35.4269
3008,5,0,45,-77.603,36.6976,35.4269,35.4269
3008,1,0,0,-81.6625,50.1012,35.4269,35.4269
3108,2,45,0,-77.5238,36.4755,35.1087,35.1087
3108,5,0,45,-77.5238,36.4755,35.1087,35.1087
3108,1,0,0,-81.545,49.6512,35.1087,35.1087
3208,2,45,0,-77.4457,36.2576,34.7905,34.7905
3208,5,0,45,-77.4457,36.2576,34.7905,34.7905
3208,1,0,0,-81.4265,49.2012,34.7905,34.7905
3308,2,45,0,-77.3686,36.044,34.4723,34.4723
3308,5,0,45,-77.3686,36.044,34.4723,34.4723
3308,1,0,0,-81.3069,48.7512,34.4723,34.4723
3408,2,45,0,-77.2927,35.8349,34.1541,34.1541
3408,5,0,45,-77.2927,35.8349,34.1541,34.1541
3408,1,0,0,-81.1861,48.3012,34.1541,34.1541
3508,2,45,0,-77.2179,35.6301,33.8359,33.8359
3508,5,0,45,-77.2179,35.6301,33.8359,33.8359
3508,1,0,0,-81.0643,47.8512,33.8359,33.8359
3608,2,45,0,-77.1444,35.4299,33.5177,33.5177
3608,5,0,45,-77.1444,35.4299,33.5177,33.5177
3608,1,0,0,-80.9413,47.4012,33.5177,33.5177
3708,2,45,0,-77.0722,35.2344,33.1995,33.1995
3708,5,0,45,-77.0722,35.2344,33.1995,33.1995
3708,1,0,0,-80.8171,46.9512,33.1995,33.1995
3808,2,45,0,-77.0013,35.0435,32.8813,32.8813
3808,5,0,45,-77.0013,35.0435,32.8813,32.8813
3808,1,0,0,-80.6917,46.5012,32.8813,32.8813
3908,2,45,0,-76.9318,34.8573,32.5631,32.5631
3908,5,0,45,-76.9318,34.8573,32.5631,32.5631
3908,1,0,0,-80.5651,46.0512,32.5631,32.5631
4008,2,45,0,-76.8637,34.676,32.2449,32.2449
4008,5,0,45,-76.8637,34.676,32.2449,32.2449
4008,1,0,0,-80.4373,45.6012,32.2449,32.2449
4108,2,45,0,-76.7971,34.4997,31.9267,31.9267
4108,5,0,45,-76.7971,34.4997,31.9267,31.9267
4108,1,0,0,-80.3082,45.1512,31.9267,31.9267
4208,2,45,0,-76.7321,34.3283,31.6085,31.6085
4208,5,0,45,-76.7321,34.3283,31.6085,31.6085
4208,1,0,0,-80.1778,44.7012,31.6085,31.6085
4308,2,45,0,-76.6687,34.162,31.2903,31.2903
4308,5,0,45,-76.6687,34.162,31.2903,31.2903
4308,1,0,0,-80.0461,44.2512,31.2903,31.2903
4408,2,45,0,-76.6069,34.0008,30.9721,30.9721
4408,5,0,45,-76.6069,34.0008,30.9721,30.9721
4408,1,0,0,-79.913,43.8012,30.9721,30.9721
4508,2,45,0,-76.5469,33.8448,30.6539,30.6539
4508,5,0,45,-76.5469,33.8448,30.6539,30.6539
4508,1,0,0,-79.7786,43.3512,30.6539,30.6539
4608,2,45,0,-76.4886,33.6942,30.3357,30.3357
4608,5,0,45,-76.4886,33.6942,30.3357,30.3357
4608,1,0,0,-79.6428,42.9012,30.3357,30.3357
4708,2,45,0,-76.4321,33.5489,30.0175,30.0175
4708,5,0,45,-76.4321,33.5489,30.0175,30.0175
4708,1,0,0,-79.5055,42.4512,30.0175,30.0175
4808,2,45,0,-76.3775,33.409,29.6994,29.6994
4808,5,0,45,-76.3775,33.409,29.6994,29.6994
4808,1,0,0,-79.3668,42.0012,29.6994,29.6994
4908,2,45,0,-76.3249,33.2746,29.3812,29.3812
4908,5,0,45,-76.3249,33.2746,29.3812,29.3812
4908,1,0,0,-79.2266,41.5512,29.3812,29.3812
5008,2,45,0,-76.2742,33.1458,29.063,29.063
5008,5,0,45,-76.2742,33.1458,29.063,29.063
5008,1,0,0,-79.0848,41.1012,29.063,29.063
5108,2,45,0,-76.2255,33.0226,28.7448,28.7448
5108,5,0,45,-76.2255,33.0226,28.7448,28.7448
5108,1,0,0,-78.9415,40.6512,28.7448,28.7448
5208,2,45,0,-76.1789,32.9051,28.4266,28.4266
5208,5,0,45,-76.1789,32.9051,28.4266,28.4266
5208,1,0,0,-78.7966,40.2012,28.4266,28.4266
5308,2,45,0,-76.1344,32.7934,28.1084,28.1084
5308,5,0,45,-76.1344,32.7934,28.1084,28.1084
5308,1,0,0,-78.6501,39.7512,28.1084,28.1084
5408,2,45,0,-76.092,32.6875,27.7902,27.7902
5408,5,0,45,-76.092,32.6875,27.7902,27.7902
5408,1,0,0,-78.5019,39.3012,27.7902,27.7902
5508,2,45,0,-76.0519,32.5874,27.472,27.472
5508,5,0,45,-76.0519,32.5874,27.472,27.472
5508,1,0,0,-78.352,38.8512,27.472,27.472
5608,2,45,0,-76.014,32.4933,27.1538,27.1538
5608,5,0,45,-76.014,32.4933,27.1538,27.1538
5608,1,0,0,-78.2004,38.4012,27.1538,27.1538
5708,2,45,0,-75.9784,32.4052,26.8356,26.8356
5708,5,0,45,-75.9784,32.4052,26.8356,26.8356
5708,1,0,0,-78.047,37.9512,26.8356,26.8356
5808,2,45,0,-75.9452,32.323,26.5174,26.5174
5808,5,0,45,-75.9452,32.323,26.5174,26.5174
5808,1,0,0,-77.8917,37.5012,26.5174,26.5174
5908,2,45,0,-75.9143,32.247,26.1992,26.1992
5908,5,0,45,-75.9143,32.247,26.1992,26.1992
5908,1,0,0,-77.7346,37.0512,26.1992,26.1992
6008,2,45,0,-75.8858,32.177,25.881,25.881
6008,5,0,45,-75.8858,32.177,25.881,25.881
6008,1,0,0,-77.5755,36.6012,25.881,25.881
6108,2,45,0,-75.8597,32.1133,25.5628,25.5628
6108,5,0,45,-75.8597,32.1133,25.5628,25.5628
6108,1,0,0,-77.4145,36.1512,25.5628,25.5628
6208,2,45,0,-75.8361,32.0557,25.2446,25.2446
6208,5,0,45,-75.8361,32.0557,25.2446,25.2446
6208,1,0,0,-77.2515,35.7012,25.2446,25.2446
6308,2,45,0,-75.815,32.0043,24.9264,24.9264
6308,5,0,45,-75.815,32.0043,24.9264,24.9264
6308,1,0,0,-77.0864,35.2512,24.9264,24.9264
6408,2,45,0,-75.7964,31.9592,24.6082,24.6082
6408,5,0,45,-75.7964,31.9592,24.6082,24.6082
6408,1,0,0,-76.9192,34.8012,24.6082,24.6082
6508,2,45,0,-75.7804,31.9203,24.29,24.29
6508,5,0,45,-75.7804,31.9203,24.29,24.29
6508,1,0,0,-76.7498,34.3512,24.29,24.29
6608,2,45,0,-75.7669,31.8878,23.9718,23.9718
6608,5,0,45,-75.7669,31.8878,23.9718,23.9718
6608,1,0,0,-76.5782,33.9012,23.9718,23.9718
6708,2,45,0,-75.7559,31.8616,23.6536,23.6536
6708,5,0,45,-75.7559,31.8616,23.6536,23.6536
6708,1,0,0,-76.4043,33.4512,23.6536,23.6536
6808,2,45,0,-75.7476,31.8417,23.3354,23.3354
6808,5,0,45,-75.7476,31.8417,23.3354,23.3354
6808,1,0,0,-76.2281,33.0012,23.3354,23.3354
6908,2,45,0,-75.7418,31.8282,23.0172,23.0172
6908,5,0,45,-75.7418,31.8282,23.0172,23.0172
6908,1,0,0,-76.0494,32.5512,23.0172,23.0172
7008,2,45,0,-75.7387,31.821,22.699,22.699
7008,5,0,45,-75.7387,31.821,22.699,22.699
7008,1,0,0,-75.8682,32.1012,22.699,22.699
7108,1,0,0,-75.6845,31.6512,22.3808,22.3808
7108,2,45,0,-75.7381,31.8203,22.3808,22.3808
7108,5,0,45,-75.7381,31.8203,22.3808,22.3808
7208,1,0,0,-75.4982,31.2012,22.0626,22.0626
7208,2,45,0,-75.7402,31.8258,22.0626,22.0626
7208,5,0,45,-75.7402,31.8258,22.0626,22.0626
7308,1,0,0,-75.3091,30.7512,21.7444,21.7444
7308,2,45,0,-75.7449,31.8377,21.7444,21.7444
7308,5,0,45,-75.7449,31.8377,21.7444,21.7444
7408,1,0,0,-75.1173,30.3012,21.4262,21.4262
7408,2,45,0,-75.7521,31.856,21.4262,21.4262
7408,5,0,45,-75.7521,31.856,21.4262,21.4262
7508,1,0,0,-74.9226,29.8512,21.108,21.108
7508,2,45,0,-75.762,31.8806,21.108,21.108
7508,5,0,45,-75.762,31.8806,21.108,21.108
7608,1,0,0,-74.725,29.4012,20.7898,20.7898
7608,2,45,0,-75.7744,31.9116,20.7898,20.7898
7608,5,0,45,-75.7744,31.9116,20.7898,20.7898
7708,1,0,0,-74.5243,28.9512,20.4716,20.4716
7708,2,45,0,-75.7894,31.9488,20.4716,20.4716
7708,5,0,45,-75.7894,31.9488,20.4716,20.4716
7808,1,0,0,-74.3204,28.5012,20.1534,20.1534
7808,2,45,0,-75.8069,31.9924,20.1534,20.1534
7808,5,0,45,-75.8069,31.9924,20.1534,20.1534
7908,1,0,0,-74.1134,28.0512,19.8352,19.8352
7908,2,45,0,-75.827,32.0422,19.8352,19.8352
7908,5,0,45,-75.827,32.0422,19.8352,19.8352
8008,1,0,0,-73.903,27.6012,19.517,19.517
8008,2,45,0,-75.8495,32.0982,19.517,19.517
8008,5,0,45,-75.8495,32.0982,19.517,19.517
8108,1,0,0,-73.6891,27.1512,19.1988,19.1988
8108,2,45,0,-75.8745,32.1605,19.1988,19.1988
8108,5,0,45,-75.8745,32.1605,19.1988,19.1988
8208,1,0,0,-73.4716,26.7012,18.8806,18.8806
8208,2,45,0,-75.902,32.2289,18.8806,18.8806
8208,5,0,45,-75.902,32.2289,18.8806,18.8806
8308,1,0,0,-73.2505,26.2512,18.5624,18.5624
8308,2,45,0,-75.9319,32.3034,18.5624,18.5624
8308,5,0,45,-75.9319,32.3034,18.5624,18.5624
8408,1,0,0,-73.0256,25.8012,18.2442,18.2442
8408,2,45,0,-75.9642,32.384,18.2442,18.2442
8408,5,0,45,-75.9642,32.384,18.2442,18.2442
8508,1,0,0,-72.7967,25.3512,17.926,17.926
8508,2,45,0,-75.9988,32.4706,17.926,17.926
8508,5,0,45,-75.9988,32.4706,17.926,17.926
8608,1,0,0,-72.5637,24.9012,17.6078,17.6078
8608,2,45,0,-76.0357,32.5633,17.6078,17.6078
8608,5,0,45,-76.0357,32.5633,17.6078,17.6078
8708,1,0,0,-72.3264,24.4512,17.2896,17.2896
8708,2,45,0,-76.0749,32.6618,17.2896,17.2896
8708,5,0,45,-76.0749,32.6618,17.2896,17.2896
8808,1,0,0,-72.0848,24.0012,16.9714,16.9714
8808,2,45,0,-76.1163,32.7663,16.9714,16.9714
8808,5,0,45,-76.1163,32.7663,16.9714,16.9714
8908,1,0,0,-71.8386,23.5512,16.6532,16.6532
8908,2,45,0,-76.1599,32.8766,16.6532,16.6532
8908,5,0,45,-76.1599,32.8766,16.6532,16.6532
9008,1,0,0,-71.5877,23.1012,16.335,16.335
9008,2,45,0,-76.2056,32.9926,16.335,16.335
9008,5,0,45,-76.2056,32.9926,16.335,16.335
9108,1,0,0,-71.3318,22.6512,16.0168,16.0168
9108,2,45,0,-76.2535,33.1144,16.0168,16.0168
9108,5,0,45,-76.2535,33.1144,16.0168,16.0168
9208,1,0,0,-71.0708,22.2012,15.6986,15.6986
9208,2,45,0,-76.3033,33.2418,15.6986,15.6986
9208,5,0,45,-76.3033,33.2418,15.6986,15.6986
9308,1,0,0,-70.8044,21.7512,15.3804,15.3804
9308,2,45,0,-76.3552,33.3748,15.3804,15.3804
9308,5,0,45,-76.3552,33.3748,15.3804,15.3804
9408,1,0,0,-70.5326,21.3012,15.0622,15.0622
9408,2,45,0,-76.409,33.5133,15.0622,15.0622
9408,5,0,45,-76.409,33.5133,15.0622,15.0622
9508,1,0,0,-70.2549,20.8512,14.744,14.744
9508,2,45,0,-76.4646,33.6572,14.744,14.744
9508,5,0,45,-76.4646,33.6572,14.744,14.744
9608,1,0,0,-69.9711,20.4012,14.4258,14.4258
9608,2,45,0,-76.5222,33.8066,14.4258,14.4258
9608,5,0,45,-76.5222,33.8066,14.4258,14.4258
9708,1,0,0,-69.6811,19.9512,14.1076,14.1076
9708,2,45,0,-76.5815,33.9612,14.1076,14.1076
9708,5,0,45,-76.5815,33.9612,14.1076,14.1076
9808,1,0,0,-69.3844,19.5012,13.7894,13.7894
9808,2,45,0,-76.6425,34.1211,13.7894,13.7894
9808,5,0,45,-76.6425,34.1211,13.7894,13.7894
9908,1,0,0,-69.0809,19.0512,13.4713,13.4713
9908,2,45,0,-76.7052,34.2861,13.4713,13.4713
9908,5,0,45,-76.7052,34.2861,13.4713,13.4713
10008,1,0,0,-68.77,18.6012,13.1531,13.1531
10008,2,45,0,-76.7696,34.4562,13.1531,13.1531
10008,5,0,45,-76.7696,34.4562,13.1531,13.1531
10108,1,0,0,-68.4516,18.1512,12.8349,12.8349
10108,2,45,0,-76.8355,34.6313,12.8349,12.8349
10108,5,0,45,-76.8355,34.6313,12.8349,12.8349
10208,1,0,0,-68.1253,17.7012,12.5167,12.5167
10208,2,45,0,-76.903,34.8114,12.5167,12.5167
10208,5,0,45,-76.903,34.8114,12.5167,12.5167
10308,1,0,0,-67.7905,17.2512,12.1985,12.1985
10308,2,45,0,-76.9719,34.9963,12.1985,12.1985
10308,5,0,45,-76.9719,34.9963,12.1985,12.1985
10408,1,0,0,-67.4469,16.8012,11.8803,11.8803
10408,2,45,0,-77.0422,35.186,11.8803,11.8803
10408,5,0,45,-77.0422,35.186,11.8803,11.8803
10508,1,0,0,-67.094,16.3512,11.5621,11.5621
10508,2,45,0,-77.1139,35.3805,11.5621,11.5621
10508,5,0,45,-77.1139,35.3805,11.5621,11.5621
10608,1,0,0,-66.7312,15.9012,11.2439,11.2439
10608,2,45,0,-77.1868,35.5795,11.2439,11.2439
10608,5,0,45,-77.1868,35.5795,11.2439,11.2439
10708,1,0,0,-66.3581,15.4512,10.9257,10.9257
10708,2,45,0,-77.2611,35.7831,10.9257,10.9257
10708,5,0,45,-77.2611,35.7831,10.9257,10.9257
10808,1,0,0,-65.974,15.0012,10.6075,10.6075
10808,2,45,0,-77.3365,35.9912,10.6075,10.6075
10808,5,0,45,-77.3365,35.9912,10.6075,10.6075
10908,1,0,0,-65.5782,14.5512,10.2893,10.2893
10908,2,45,0,-77.4131,36.2036,10.2893,10.2893
10908,5,0,45,-77.4131,36.2036,10.2893,10.2893
11008,1,0,0,-65.17,14.1012,9.97107,9.97107
11008,2,45,0,-77.4908,36.4204,9.97107,9.97107
11008,5,0,45,-77.4908,36.4204,9.97107,9.97107
11108,1,0,0,-64.7486,13.6512,9.65287,9.65287
11108,2,45,0,-77.5696,36.6415,9.65287,9.65287
11108,5,0,45,-77.5696,36.6415,9.65287,9.65287
11208,1,0,0,-64.3131,13.2012,9.33468,9.33468
11208,2,45,0,-77.6493,36.8667,9.33468,9.33468
11208,5,0,45,-77.6493,36.8667,9.33468,9.33468
11308,1,0,0,-63.8626,12.7512,9.01648,9.01648
11308,2,45,0,-77.73,37.096,9.01648,9.01648
11308,5,0,45,-77.73,37.096,9.01648,9.01648
11408,1,0,0,-63.7998,12.7279,9,9
11408,2,45,0,-77.7411,37.108,9,9
11408,5,0,45,-77.7411,37.108,9,9
11508,1,0,0,-63.7998,12.7279,9,9
11508,2,45,0,-77.7411,37.108,9,9
11508,5,0,45,-77.7411,37.108,9,9
11608,1,0,0,-63.7998,12.7279,9,9
11608,2,45,0,-77.7411,37.108,9,9
11608,5,0,45,-77.7411,37.108,9,9
11708,1,0,0,-63.7998,12.7279,9,9
11708,2,45,0,-77.7411,37.108,9,9
11708,5,0,45,-77.7411,37.108,9,9
11808,1,0,0,-63.7998,12.7279,9,9
11808,2,45,0,-77.7411,37.108,9,9
11808,5,0,45,-77.7411,37.108,9,9
11908,1,0,0,-63.7998,12.7279,9,9
11908,2,45,0,-77.7411,37.108,9,9
11908,5,0,45,-77.7411,37.108,9,9
12008,1,0,0,-63.8,12.7551,9.03839,9
12008,2,45,0,-77.741,37.0707,9.03839,9
12008,5,0,45,-77.7411,37.1173,9.03839,9
12108,1,0,0,-64.1256,13.0778,9.48839,9
12108,2,45,0,-77.5869,36.6343,9.48839,9
12108,5,0,45,-77.7803,37.2294,9.48839,9
12208,1,0,0,-64.4504,13.4079,9.93839,9
12208,2,45,0,-77.431,36.1983,9.93839,9
12208,5,0,45,-77.8211,37.3466,9.93839,9
12308,1,0,0,-64.7739,13.7448,10.3884,9
12308,2,45,0,-77.2734,35.7626,10.3884,9
12308,5,0,45,-77.8636,37.4689,10.3884,9
12408,1,0,0,-65.0954,14.088,10.8384,9
12408,2,45,0,-77.114,35.3273,10.8384,9
12408,5,0,45,-77.9076,37.5962,10.8384,9
12508,1,0,0,-65.4145,14.437,11.2884,9
12508,2,45,0,-76.9528,34.8923,11.2884,9
12508,5,0,45,-77.9532,37.7283,11.2884,9
12608,1,0,0,-65.7308,14.7915,11.7384,9
12608,2,45,0,-76.7896,34.4577,11.7384,9
12608,5,0,45,-78.0003,37.8654,11.7384,9
12708,1,0,0,-66.044,15.1511,12.1884,9
12708,2,45,0,-76.6246,34.0236,12.1884,9
12708,5,0,45,-78.0489,38.0073,12.1884,9
12808,1,0,0,-66.3539,15.5154,12.6384,9
12808,2,45,0,-76.4576,33.5898,12.6384,9
12808,5,0,45,-78.099,38.154,12.6384,9
12908,1,0,0,-66.6602,15.8841,13.0884,9
12908,2,45,0,-76.2886,33.1565,13.0884,9
12908,5,0,45,-78.1505,38.3054,13.0884,9
13008,1,0,0,-66.9628,16.2569,13.5384,9
13008,2,45,0,-76.1175,32.7236,13.5384,9
13008,5,0,45,-78.2033,38.4615,13.5384,9
13108,1,0,0,-67.2615,16.6335,13.9884,9
13108,2,45,0,-75.9444,32.2912,13.9884,9
13108,5,0,45,-78.2576,38.6222,13.9884,9
13208,1,0,0,-67.5563,17.0137,14.4384,9
13208,2,45,0,-75.7691,31.8593,14.4384,9
13208,5,0,45,-78.3131,38.7875,14.4384,9
13308,1,0,0,-67.847,17.3972,14.8884,9
13308,2,45,0,-75.5917,31.4278,14.8884,9
13308,5,0,45,-78.3699,38.9572,14.8884,9
13408,1,0,0,-68.1338,17.7839,15.3384,9
13408,2,45,0,-75.412,30.997,15.3384,9
13408,5,0,45,-78.4279,39.1314,15.3384,9
13508,1,0,0,-68.4164,18.1734,15.7884,9
13508,2,45,0,-75.2301,30.5666,15.7884,9
13508,5,0,45,-78.4871,39.31,15.7884,9
13608,1,0,0,-68.695,18.5657,16.2384,9
13608,2,45,0,-75.0458,30.1369,16.2384,9
13608,5,0,45,-78.5475,39.4928,16.2384,9
13708,1,0,0,-68.9695,18.9605,16.6884,9
13708,2,45,0,-74.8591,29.7077,16.6884,9
13708,5,0,45,-78.609,39.68,16.6884,9
13808,1,0,0,-69.24,19.3578,17.1384,9
13808,2,45,0,-74.67,29.2792,17.1384,9
13808,5,0,45,-78.6716,39.8713,17.1384,9
13908,1,0,0,-69.5065,19.7573,17.5884,9
13908,2,45,0,-74.4784,28.8513,17.5884,9
13908,5,0,45,-78.7352,40.0668,17.5884,9
14008,1,0,0,-69.7691,20.159,18.0384,9
14008,2,45,0,-74.2843,28.4241,18.0384,9
14008,5,0,45,-78.7999,40.2664,18.0384,9
14108,1,0,0,-70.0277,20.5626,18.4884,9
14108,2,45,0,-74.0875,27.9976,18.4884,9
14108,5,0,45,-78.8655,40.47,18.4884,9
14208,1,0,0,-70.2825,20.9681,18.9384,9
14208,2,45,0,-73.8881,27.5719,18.9384,9
14208,5,0,45,-78.9321,40.6775,18.9384,9
14308,1,0,0,-70.5334,21.3754,19.3884,9
14308,2,45,0,-73.686,27.1469,19.3884,9
14308,5,0,45,-78.9995,40.889,19.3884,9
14408,1,0,0,-70.7807,21.7844,19.8384,9
14408,2,45,0,-73.4811,26.7228,19.8384,9
14408,5,0,45,-79.0679,41.1043,19.8384,9
14508,1,0,0,-71.0243,22.195,20.2884,9
14508,2,45,0,-73.2733,26.2995,20.2884,9
14508,5,0,45,-79.1371,41.3233,20.2884,9
14608,1,0,0,-71.2643,22.6071,20.7384,9
14608,2,45,0,-73.0626,25.8771,20.7384,9
14608,5,0,45,-79.207,41.5461,20.7384,9
14708,1,0,0,-71.5007,23.0206,21.1884,9
14708,2,45,0,-72.8489,25.4557,21.1884,9
14708,5,0,45,-79.2778,41.7726,21.1884,9
14808,1,0,0,-71.7337,23.4354,21.6384,9
14808,2,45,0,-72.6322,25.0353,21.6384,9
14808,5,0,45,-79.3493,42.0026,21.6384,9
14908,1,0,0,-71.9633,23.8516,22.0884,9
14908,2,45,0,-72.4124,24.6159,22.0884,9
14908,5,0,45,-79.4215,42.2362,22.0884,9
15008,1,0,0,-72.1896,24.2689,22.5384,9
15008,2,45,0,-72.1893,24.1976,22.5384,9
15008,5,0,45,-79.4944,42.4733,22.5384,9
15108,2,45,0,-71.9631,23.7805,22.9884,9
15108,1,0,0,-72.4126,24.6874,22.9884,9
15108,5,0,45,-79.5679,42.7138,22.9884,9
15208,2,45,0,-71.7335,23.3646,23.4384,9
15208,1,0,0,-72.6324,25.1069,23.4384,9
15208,5,0,45,-79.642,42.9576,23.4384,9
15308,2,45,0,-71.5005,22.95,23.8884,9
15308,1,0,0,-72.8491,25.5275,23.8884,9
15308,5,0,45,-79.7167,43.2048,23.8884,9
15408,2,45,0,-71.264,22.5367,24.3384,9
15408,1,0,0,-73.0628,25.9491,24.3384,9
15408,5,0,45,-79.792,43.4552,24.3384,9
15508,2,45,0,-71.024,22.1249,24.7884,9
15508,1,0,0,-73.2735,26.3717,24.7884,9
15508,5,0,45,-79.8677,43.7089,24.7884,9
15608,2,45,0,-70.7804,21.7145,25.2384,9
15608,1,0,0,-73.4813,26.7951,25.2384,9
15608,5,0,45,-79.944,43.9656,25.2384,9
15708,2,45,0,-70.5332,21.3058,25.6884,9
15708,1,0,0,-73.6862,27.2194,25.6884,9
15708,5,0,45,-80.0207,44.2255,25.6884,9
15808,2,45,0,-70.2822,20.8988,26.1384,9
15808,1,0,0,-73.8883,27.6444,26.1384,9
15808,5,0,45,-80.0979,44.4884,26.1384,9
15908,2,45,0,-70.0274,20.4936,26.5884,9
15908,1,0,0,-74.0877,28.0703,26.5884,9
15908,5,0,45,-80.1755,44.7542,26.5884,9
16008,2,45,0,-69.7688,20.0903,27.0384,9
16008,1,0,0,-74.2845,28.4969,27.0384,9
16008,5,0,45,-80.2535,45.023,27.0384,9
16108,2,45,0,-69.5063,19.689,27.4884,9
16108,1,0,0,-74.4786,28.9242,27.4884,9
16108,5,0,45,-80.3319,45.2947,27.4884,9
16208,2,45,0,-69.2398,19.2899,27.9384,9
16208,1,0,0,-74.6702,29.3522,27.9384,9
16208,5,0,45,-80.4106,45.5692,27.9384,9
16308,2,45,0,-68.9693,18.893,28.3884,9
16308,1,0,0,-74.8593,29.7809,28.3884,9
16308,5,0,45,-80.4896,45.8465,28.3884,9
16408,2,45,0,-68.6947,18.4986,28.8384,9
16408,1,0,0,-75.046,30.2101,28.8384,9
16408,5,0,45,-80.5689,46.1265,28.8384,9
16508,2,45,0,-68.4161,18.1068,29.2884,9
16508,1,0,0,-75.2302,30.64,29.2884,9
16508,5,0,45,-80.6484,46.4092,29.2884,9
16608,2,45,0,-68.1335,17.7177,29.7384,9
16608,1,0,0,-75.4122,31.0704,29.7384,9
16608,5,0,45,-80.7283,46.6944,29.7384,9
16708,2,45,0,-67.8468,17.3316,30.1884,9
16708,1,0,0,-75.5919,31.5014,30.1884,9
16708,5,0,45,-80.8083,46.9823,30.1884,9
16808,2,45,0,-67.556,16.9486,30.6384,9
16808,1,0,0,-75.7693,31.9329,30.6384,9
16808,5,0,45,-80.8886,47.2727,30.6384,9
16908,2,45,0,-67.2612,16.569,31.0884,9
16908,1,0,0,-75.9446,32.3649,31.0884,9
16908,5,0,45,-80.9691,47.5656,31.0884,9
17008,2,45,0,-66.9625,16.1931,31.5384,9
17008,1,0,0,-76.1177,32.7974,31.5384,9
17008,5,0,45,-81.0497,47.8609,31.5384,9
17108,2,45,0,-66.6599,15.8209,31.9884,9
17108,1,0,0,-76.2887,33.2304,31.9884,9
17108,5,0,45,-81.1305,48.1587,31.9884,9
17208,2,45,0,-66.3536,15.453,32.4384,9
17208,1,0,0,-76.4577,33.6638,32.4384,9
17208,5,0,45,-81.2114,48.4587,32.4384,9
17308,2,45,0,-66.0437,15.0894,32.8884,9
17308,1,0,0,-76.6247,34.0976,32.8884,9
17308,5,0,45,-81.2924,48.7611,32.8884,9
17408,2,45,0,-65.7305,14.7307,33.3384,9
17408,1,0,0,-76.7898,34.5318,33.3384,9
17408,5,0,45,-81.3736,49.0658,33.3384,9
17508,2,45,0,-65.4142,14.3771,33.7884,9
17508,1,0,0,-76.9529,34.9665,33.7884,9
17508,5,0,45,-81.4548,49.3726,33.7884,9
17608,2,45,0,-65.0951,14.029,34.2384,9
17608,1,0,0,-77.1142,35.4015,34.2384,9
17608,5,0,45,-81.5361,49.6817,34.2384,9
17708,2,45,0,-64.7735,13.6868,34.6884,9
17708,1,0,0,-77.2736,35.8369,34.6884,9
17708,5,0,45,-81.6174,49.9928,34.6884,9
17808,2,45,0,-64.4501,13.3511,35.1384,9
17808,1,0,0,-77.4312,36.2727,35.1384,9
17808,5,0,45,-81.6988,50.3061,35.1384,9
17908,2,45,0,-64.1253,13.0222,35.5884,9
17908,1,0,0,-77.5871,36.7088,35.5884,9
17908,5,0,45,-81.7802,50.6215,35.5884,9
18008,2,45,0,-63.7997,12.7008,36.0384,9
18008,1,0,0,-77.7412,37.1452,36.0384,9
18008,5,0,45,-81.8617,50.9388,36.0384,9
18108,2,45,0,-63.4741,12.3874,36.4884,9
18108,1,0,0,-77.8936,37.5819,36.4884,9
18108,5,0,45,-81.9431,51.2582,36.4884,9
18208,2,45,0,-63.1494,12.0826,36.9384,9
18208,1,0,0,-78.0444,38.019,36.9384,9
18308,2,45,0,-62.8266,11.7871,37.3884,9
18308,1,0,0,-78.1936,38.4564,37.3884,9
18408,2,45,0,-62.5069,11.5017,37.8384,9
18408,1,0,0,-78.3411,38.894,37.8384,9
18508,2,45,0,-62.1915,11.227,38.2884,9
18508,1,0,0,-78.4871,39.3319,38.2884,9
18608,2,45,0,-61.882,10.9639,38.7384,9
18608,1,0,0,-78.6316,39.7701,38.7384,9
18708,2,45,0,-61.58,10.7133,39.1884,9
18708,1,0,0,-78.7746,40.2086,39.1884,9
18808,2,45,0,-61.2873,10.476,39.6384,9
18808,1,0,0,-78.9161,40.6473,39.6384,9
18808,3,90,0,-81.9344,51.1595,39.6384,9
18908,2,45,0,-61.0059,10.253,40.0884,9
18908,1,0,0,-79.0562,41.0862,40.0884,9
18908,3,90,0,-81.8212,50.7166,40.0884,9
19008,2,45,0,-60.7379,10.0452,40.5384,9
19008,1,0,0,-79.1948,41.5254,40.5384,9
19008,3,90,0,-81.7071,50.2738,40.5384,9
19108,2,45,0,-60.4855,9.85358,40.9884,9
19108,1,0,0,-79.3321,41.9648,40.9884,9
19108,3,90,0,-81.5919,49.8311,40.9884,9
19208,2,45,0,-60.2511,9.67911,41.4384,9
19208,1,0,0,-79.468,42.4045,41.4384,9
19208,3,90,0,-81.4758,49.3886,41.4384,9
19308,2,45,0,-60.0371,9.52272,41.8884,9
19308,1,0,0,-79.6026,42.8443,41.8884,9
19308,3,90,0,-81.3586,48.9462,41.8884,9
19408,2,45,0,-59.8457,9.38532,42.3384,9
19408,1,0,0,-79.7358,43.2844,42.3384,9
19408,3,90,0,-81.2405,48.5039,42.3384,9
19508,2,45,0,-59.6792,9.26775,42.7884,9
19508,1,0,0,-79.8678,43.7247,42.7884,9
19508,3,90,0,-81.1213,48.0618,42.7884,9
19608,2,45,0,-59.5398,9.17078,43.2384,9
19608,1,0,0,-79.9985,44.1651,43.2384,9
19608,3,90,0,-81.001,47.6198,43.2384,9
19708,2,45,0,-59.4293,9.09507,43.6884,9
19708,1,0,0,-80.1279,44.6058,43.6884,9
19708,3,90,0,-80.8796,47.178,43.6884,9
19808,2,45,0,-59.3492,9.04115,44.1384,9
19808,1,0,0,-80.2561,45.0466,44.1384,9
19808,3,90,0,-80.7572,46.7364,44.1384,9
19908,2,45,0,-59.3006,9.00941,44.5884,9
19908,1,0,0,-80.3832,45.4876,44.5884,9
19908,3,90,0,-80.6336,46.2949,44.5884,9
20008,2,45,0,-59.2844,9.00008,45.0384,9
20008,1,0,0,-80.509,45.9288,45.0384,9
20008,3,90,0,-80.5089,45.8535,45.0384,9
20108,2,45,0,-59.3007,9.01324,45.4884,9
20108,3,90,0,-80.3831,45.4124,45.4884,9
20108,1,0,0,-80.6337,46.3702,45.4884,9
20208,2,45,0,-59.3492,9.04879,45.9384,9
20208,3,90,0,-80.256,44.9714,45.9384,9
20208,1,0,0,-80.7573,46.8117,45.9384,9
20308,2,45,0,-59.4294,9.10646,46.3884,9
20308,3,90,0,-80.1278,44.5306,46.3884,9
20308,1,0,0,-80.8798,47.2534,46.3884,9
20408,2,45,0,-59.5399,9.18584,46.8384,9
20408,3,90,0,-79.9983,44.09,46.8384,9
20408,1,0,0,-81.0011,47.6952,46.8384,9
20508,2,45,0,-59.6794,9.28637,47.2884,9
20508,3,90,0,-79.8676,43.6495,47.2884,9
20508,1,0,0,-81.1214,48.1372,47.2884,9
20608,2,45,0,-59.8459,9.40738,47.7384,9
20608,3,90,0,-79.7357,43.2093,47.7384,9
20608,1,0,0,-81.2406,48.5794,47.7384,9
20708,2,45,0,-60.0373,9.54808,48.1884,9
20708,3,90,0,-79.6024,42.7693,48.1884,9
20708,1,0,0,-81.3588,49.0216,48.1884,9
20808,2,45,0,-60.2514,9.70762,48.6384,9
20808,3,90,0,-79.4679,42.3295,48.6384,9
20808,1,0,0,-81.4759,49.4641,48.6384,9
20908,2,45,0,-60.4858,9.88508,49.0884,9
20908,3,90,0,-79.332,41.8899,49.0884,9
20908,1,0,0,-81.592,49.9066,49.0884,9
21008,2,45,0,-60.7382,10.0795,49.5384,9
21008,3,90,0,-79.1947,41.4505,49.5384,9
21008,1,0,0,-81.7072,50.3493,49.5384,9
21108,2,45,0,-61.0062,10.29,49.9884,9
21108,3,90,0,-79.056,41.0113,49.9884,9
21108,1,0,0,-81.8214,50.7921,49.9884,9
21208,2,45,0,-61.2876,10.5155,50.4384,9
21208,3,90,0,-78.916,40.5724,50.4384,9
21208,1,0,0,-81.9346,51.2351,50.4384,9
21308,2,45,0,-61.5803,10.7551,50.8884,9
21308,3,90,0,-78.7745,40.1338,50.8884,9
21408,2,45,0,-61.8823,11.008,51.3384,9
21408,3,90,0,-78.6315,39.6953,51.3384,9
21508,2,45,0,-62.1918,11.2731,51.7884,9
21508,3,90,0,-78.487,39.2572,51.7884,9
21608,2,45,0,-62.5072,11.5496,52.2384,9
21608,3,90,0,-78.341,38.8193,52.2384,9
21708,2,45,0,-62.8269,11.8369,52.6884,9
21708,3,90,0,-78.1934,38.3817,52.6884,9
21808,2,45,0,-63.1497,12.134,53.1384,9
21808,3,90,0,-78.0443,37.9444,53.1384,9
21908,2,45,0,-63.4744,12.4403,53.5884,9
21908,3,90,0,-77.8935,37.5074,53.5884,9
21908,4,90,45,-81.943,51.2036,53.5884,9
22008,2,45,0,-63.8,12.7551,54.0384,9
22008,3,90,0,-77.741,37.0707,54.0384,9
22008,4,90,45,-81.8616,50.8846,54.0384,9
22108,2,45,0,-64.1256,13.0778,54.4884,9
22108,3,90,0,-77.5869,36.6343,54.4884,9
22108,4,90,45,-81.7802,50.5675,54.4884,9
22208,2,45,0,-64.4504,13.4079,54.9384,9
22208,3,90,0,-77.431,36.1983,54.9384,9
22208,4,90,45,-81.6987,50.2525,54.9384,9
22308,2,45,0,-64.7739,13.7448,55.3884,9
22308,3,90,0,-77.2734,35.7626,55.3884,9
22308,4,90,45,-81.6174,49.9396,55.3884,9
22408,2,45,0,-65.0954,14.088,55.8384,9
22408,3,90,0,-77.114,35.3273,55.8384,9
22408,4,90,45,-81.536,49.6288,55.8384,9
22508,2,45,0,-65.4145,14.437,56.2884,9
22508,3,90,0,-76.9528,34.8923,56.2884,9
22508,4,90,45,-81.4547,49.3201,56.2884,9
22608,2,45,0,-65.7308,14.7915,56.7384,9
22608,3,90,0,-76.7896,34.4577,56.7384,9
22608,4,90,45,-81.3735,49.0136,56.7384,9
22708,2,45,0,-66.044,15.1511,57.1884,9
22708,3,90,0,-76.6246,34.0236,57.1884,9
22708,4,90,45,-81.2923,48.7094,57.1884,9
22808,2,45,0,-66.3539,15.5154,57.6384,9
22808,3,90,0,-76.4576,33.5898,57.6384,9
22808,4,90,45,-81.2113,48.4074,57.6384,9
22908,2,45,0,-66.6602,15.8841,58.0884,9
22908,3,90,0,-76.2886,33.1565,58.0884,9
22908,4,90,45,-81.1304,48.1077,58.0884,9
23008,2,45,0,-66.9628,16.2569,58.5384,9
23008,3,90,0,-76.1175,32.7236,58.5384,9
23008,4,90,45,-81.0496,47.8104,58.5384,9
23108,2,45,0,-67.2615,16.6335,58.9884,9
23108,3,90,0,-75.9444,32.2912,58.9884,9
23108,4,90,45,-80.969,47.5155,58.9884,9
23208,2,45,0,-67.5563,17.0137,59.4384,9
23208,3,90,0,-75.7691,31.8593,59.4384,9
23208,4,90,45,-80.8885,47.223,59.4384,9
23308,2,45,0,-67.847,17.3972,59.8884,9
23308,3,90,0,-75.5917,31.4278,59.8884,9
23308,4,90,45,-80.8083,46.933,59.8884,9
23408,2,45,0,-68.1338,17.7839,60.3384,9
23408,3,90,0,-75.412,30.997,60.3384,9
23408,4,90,45,-80.7282,46.6456,60.3384,9
23508,2,45,0,-68.4164,18.1734,60.7884,9
23508,3,90,0,-75.2301,30.5666,60.7884,9
23508,4,90,45,-80.6484,46.3607,60.7884,9
23608,2,45,0,-68.695,18.5657,61.2384,9
23608,3,90,0,-75.0458,30.1369,61.2384,9
23608,4,90,45,-80.5688,46.0785,61.2384,9
23708,2,45,0,-68.9695,18.9605,61.6884,9
23708,3,90,0,-74.8591,29.7077,61.6884,9
23708,4,90,45,-80.4895,45.799,61.6884,9
23808,2,45,0,-69.24,19.3578,62.1384,9
23808,3,90,0,-74.67,29.2792,62.1384,9
23808,4,90,45,-80.4105,45.5222,62.1384,9
23908,2,45,0,-69.5065,19.7573,62.5884,9
23908,3,90,0,-74.4784,28.8513,62.5884,9
23908,4,90,45,-80.3318,45.2482,62.5884,9
24008,2,45,0,-69.7691,20.159,63.0384,9
24008,3,90,0,-74.2843,28.4241,63.0384,9
24008,4,90,45,-80.2534,44.977,63.0384,9
24108,2,45,0,-70.0277,20.5626,63.4884,9
24108,3,90,0,-74.0875,27.9976,63.4884,9
24108,4,90,45,-80.1755,44.7087,63.4884,9
24208,2,45,0,-70.2825,20.9681,63.9384,9
24208,3,90,0,-73.8881,27.5719,63.9384,9
24208,4,90,45,-80.0979,44.4433,63.9384,9
24308,2,45,0,-70.5334,21.3754,64.3884,9
24308,3,90,0,-73.686,27.1469,64.3884,9
24308,4,90,45,-80.0207,44.1809,64.3884,9
24408,2,45,0,-70.7807,21.7844,64.8384,9
24408,3,90,0,-73.4811,26.7228,64.8384,9
24408,4,90,45,-79.9439,43.9216,64.8384,9
24508,2,45,0,-71.0243,22.195,65.2884,9
24508,3,90,0,-73.2733,26.2995,65.2884,9
24508,4,90,45,-79.8677,43.6654,65.2884,9
24608,2,45,0,-71.2643,22.6071,65.7384,9
24608,3,90,0,-73.0626,25.8771,65.7384,9
24608,4,90,45,-79.7919,43.4123,65.7384,9
24708,2,45,0,-71.5007,23.0206,66.1884,9
24708,3,90,0,-72.8489,25.4557,66.1884,9
24708,4,90,45,-79.7166,43.1624,66.1884,9
24808,2,45,0,-71.7337,23.4354,66.6384,9
24808,3,90,0,-72.6322,25.0353,66.6384,9
24808,4,90,45,-79.6419,42.9158,66.6384,9
24908,2,45,0,-71.9633,23.8516,67.0884,9
24908,3,90,0,-72.4124,24.6159,67.0884,9
24908,4,90,45,-79.5678,42.6725,67.0884,9
25008,2,45,0,-72.1896,24.2689,67.5384,9
25008,3,90,0,-72.1893,24.1976,67.5384,9
25008,4,90,45,-79.4943,42.4326,67.5384,9
25108,3,90,0,-71.9631,23.7805,67.9884,9
25108,2,45,0,-72.4126,24.6874,67.9884,9
25108,4,90,45,-79.4214,42.1961,67.9884,9
25208,3,90,0,-71.7335,23.3646,68.4384,9
25208,2,45,0,-72.6324,25.1069,68.4384,9
25208,4,90,45,-79.3492,41.9631,68.4384,9
25308,3,90,0,-71.5005,22.95,68.8884,9
25308,2,45,0,-72.8491,25.5275,68.8884,9
25308,4,90,45,-79.2777,41.7337,68.8884,9
25408,3,90,0,-71.264,22.5367,69.3384,9
25408,2,45,0,-73.0628,25.9491,69.3384,9
25408,4,90,45,-79.207,41.5079,69.3384,9
25508,3,90,0,-71.024,22.1249,69.7884,9
25508,2,45,0,-73.2735,26.3717,69.7884,9
25508,4,90,45,-79.137,41.2857,69.7884,9
25608,3,90,0,-70.7804,21.7145,70.2384,9
25608,2,45,0,-73.4813,26.7951,70.2384,9
25608,4,90,45,-79.0678,41.0673,70.2384,9
25708,3,90,0,-70.5332,21.3058,70.6884,9
25708,2,45,0,-73.6862,27.2194,70.6884,9
25708,4,90,45,-78.9995,40.8526,70.6884,9
25808,3,90,0,-70.2822,20.8988,71.1384,9
25808,2,45,0,-73.8883,27.6444,71.1384,9
25808,4,90,45,-78.932,40.6419,71.1384,9
25908,3,90,0,-70.0274,20.4936,71.5884,9
25908,2,45,0,-74.0877,28.0703,71.5884,9
25908,4,90,45,-78.8654,40.435,71.5884,9
26008,3,90,0,-69.7688,20.0903,72.0384,9
26008,2,45,0,-74.2845,28.4969,72.0384,9
26008,4,90,45,-78.7998,40.2321,72.0384,9
26108,3,90,0,-69.5063,19.689,72.4884,9
26108,2,45,0,-74.4786,28.9242,72.4884,9
26108,4,90,45,-78.7351,40.0332,72.4884,9
26208,3,90,0,-69.2398,19.2899,72.9384,9
26208,2,45,0,-74.6702,29.3522,72.9384,9
26208,4,90,45,-78.6715,39.8384,72.9384,9
26308,3,90,0,-68.9693,18.893,73.3884,9
26308,2,45,0,-74.8593,29.7809,73.3884,9
26308,4,90,45,-78.6089,39.6478,73.3884,9
26408,3,90,0,-68.6947,18.4986,73.8384,9
26408,2,45,0,-75.046,30.2101,73.8384,9
26408,4,90,45,-78.5474,39.4613,73.8384,9
26508,3,90,0,-68.4161,18.1068,74.2884,9
26508,2,45,0,-75.2302,30.64,74.2884,9
26508,4,90,45,-78.487,39.2792,74.2884,9
26608,3,90,0,-68.1335,17.7177,74.7384,9
26608,2,45,0,-75.4122,31.0704,74.7384,9
26608,4,90,45,-78.4278,39.1014,74.7384,9
26708,3,90,0,-67.8468,17.3316,75.1884,9
26708,2,45,0,-75.5919,31.5014,75.1884,9
26708,4,90,45,-78.3698,38.9279,75.1884,9
26808,3,90,0,-67.556,16.9486,75.6384,9
26808,2,45,0,-75.7693,31.9329,75.6384,9
26808,4,90,45,-78.313,38.7589,75.6384,9
26908,3,90,0,-67.2612,16.569,76.0884,9
26908,2,45,0,-75.9446,32.3649,76.0884,9
26908,4,90,45,-78.2575,38.5945,76.0884,9
27008,3,90,0,-66.9625,16.1931,76.5384,9
27008,2,45,0,-76.1177,32.7974,76.5384,9
27008,4,90,45,-78.2033,38.4346,76.5384,9
27108,3,90,0,-66.6599,15.8209,76.9884,9
27108,2,45,0,-76.2887,33.2304,76.9884,9
27108,4,90,45,-78.1504,38.2793,76.9884,9
27208,3,90,0,-66.3536,15.453,77.4384,9
27208,2,45,0,-76.4577,33.6638,77.4384,9
27208,4,90,45,-78.0989,38.1287,77.4384,9
27308,3,90,0,-66.0437,15.0894,77.8884,9
27308,2,45,0,-76.6247,34.0976,77.8884,9
27308,4,90,45,-78.0489,37.9828,77.8884,9
27408,3,90,0,-65.7305,14.7307,78.3384,9
27408,2,45,0,-76.7898,34.5318,78.3384,9
27408,4,90,45,-78.0003,37.8417,78.3384,9
27508,3,90,0,-65.4142,14.3771,78.7884,9
27508,2,45,0,-76.9529,34.9665,78.7884,9
27508,4,90,45,-77.9531,37.7054,78.7884,9
27608,3,90,0,-65.0951,14.029,79.2384,9
27608,2,45,0,-77.1142,35.4015,79.2384,9
27608,4,90,45,-77.9076,37.5741,79.2384,9
27708,3,90,0,-64.7735,13.6868,79.6884,9
27708,2,45,0,-77.2736,35.8369,79.6884,9
27708,4,90,45,-77.8635,37.4477,79.6884,9
27808,3,90,0,-64.4501,13.3511,80.1384,9
27808,2,45,0,-77.4312,36.2727,80.1384,9
27808,4,90,45,-77.8211,37.3263,80.1384,9
27908,3,90,0,-64.1253,13.0222,80.5884,9
27908,2,45,0,-77.5871,36.7088,80.5884,9
27908,4,90,45,-77.7802,37.2099,80.5884,9
28008,3,90,0,-63.7998,12.7279,81,9
28008,2,45,0,-77.7411,37.108,81,9
28008,4,90,45,-77.7411,37.108,81,9
28108,3,90,0,-63.7998,12.7279,81,9
28108,2,45,0,-77.7411,37.108,81,9
28108,4,90,45,-77.7411,37.108,81,9
28208,3,90,0,-63.7998,12.7279,81,9
28208,2,45,0,-77.7411,37.108,81,9
28208,4,90,45,-77.7411,37.108,81,9
28308,3,90,0,-63.7998,12.7279,81,9
28308,2,45,0,-77.7411,37.108,81,9
28308,4,90,45,-77.7411,37.108,81,9
28408,3,90,0,-63.7998,12.7279,81,9
28408,2,45,0,-77.7411,37.108,81,9
28408,4,90,45,-77.7411,37.108,81,9
28508,3,90,0,-63.7998,12.7279,81,9
28508,2,45,0,-77.7411,37.108,81,9
28508,4,90,45,-77.7411,37.108,81,9
28608,3,90,0,-63.7998,12.7279,81,9
28608,2,45,0,-77.7411,37.108,81,9
28608,4,90,45,-77.7411,37.108,81,9
28708,3,90,0,-63.7998,12.7279,81,9
28708,2,45,0,-77.7411,37.108,81,9
28708,4,90,45,-77.7411,37.108,81,9
28808,3,90,0,-63.7998,12.7279,81,9
28808,2,45,0,-77.7411,37.108,81,9
28808,4,90,45,-77.7411,37.108,81,9
28908,3,90,0,-63.7998,12.7279,81,9
28908,2,45,0,-77.7411,37.108,81,9
28908,4,90,45,-77.7411,37.108,81,9
29008,3,90,0,-63.7998,12.7279,81,9
29008,2,45,0,-77.7411,37.108,81,9
29008,4,90,45,-77.7411,37.108,81,9
29108,3,90,0,-63.7998,12.7279,81,9
29108,2,45,0,-77.7411,37.108,81,9
29108,4,90,45,-77.7411,37.108,81,9
29208,3,90,0,-63.7998,12.7279,81,9
29208,2,45,0,-77.7411,37.108,81,9
29208,4,90,45,-77.7411,37.108,81,9
29308,3,90,0,-63.7998,12.7279,81,9
29308,2,45,0,-77.7411,37.108,81,9
29308,4,90,45,-77.7411,37.108,81,9
29408,3,90,0,-63.7998,12.7279,81,9
29408,2,45,0,-77.7411,37.108,81,9
29408,4,90,45,-77.7411,37.108,81,9
29508,3,90,0,-63.7998,12.7279,81,9
29508,2,45,0,-77.7411,37.108,81,9
29508,4,90,45,-77.7411,37.108,81,9
29608,3,90,0,-63.7998,12.7279,81,9
29608,2,45,0,-77.7411,37.108,81,9
29608,4,90,45,-77.7411,37.108,81,9
29708,3,90,0,-63.7998,12.7279,81,9
29708,2,45,0,-77.7411,37.108,81,9
29708,4,90,45,-77.7411,37.108,81,9
29808,3,90,0,-63.7998,12.7279,81,9
29808,2,45,0,-77.7411,37.108,81,9
29808,4,90,45,-77.7411,37.108,81,9
29908,3,90,0,-63.7998,12.7279,81,9
29908,2,45,0,-77.7411,37.108,81,9
29908,4,90,45,-77.7411,37.108,81,9
30008,3,90,0,-63.8,12.7551,81,9.03839
30008,2,45,0,-77.7411,37.1173,81,9.03839
30008,4,90,45,-77.741,37.0707,81,9.03839
30108,3,90,0,-64.1256,13.0778,81,9.48839
30108,4,90,45,-77.5869,36.6343,81,9.48839
30108,2,45,0,-77.7803,37.2294,81,9.48839
30208,3,90,0,-64.4504,13.4079,81,9.93839
30208,4,90,45,-77.431,36.1983,81,9.93839
30208,2,45,0,-77.8211,37.3466,81,9.93839
30308,3,90,0,-64.7739,13.7448,81,10.3884
30308,4,90,45,-77.2734,35.7626,81,10.3884
30308,2,45,0,-77.8636,37.4689,81,10.3884
30408,3,90,0,-65.0954,14.088,81,10.8384
30408,4,90,45,-77.114,35.3273,81,10.8384
30408,2,45,0,-77.9076,37.5962,81,10.8384
30508,3,90,0,-65.4145,14.437,81,11.2884
30508,4,90,45,-76.9528,34.8923,81,11.2884
30508,2,45,0,-77.9532,37.7283,81,11.2884
30608,3,90,0,-65.7308,14.7915,81,11.7384
30608,4,90,45,-76.7896,34.4577,81,11.7384
30608,2,45,0,-78.0003,37.8654,81,11.7384
30708,3,90,0,-66.044,15.1511,81,12.1884
30708,4,90,45,-76.6246,34.0236,81,12.1884
30708,2,45,0,-78.0489,38.0073,81,12.1884
30808,3,90,0,-66.3539,15.5154,81,12.6384
30808,4,90,45,-76.4576,33.5898,81,12.6384
30808,2,45,0,-78.099,38.154,81,12.6384
30908,3,90,0,-66.6602,15.8841,81,13.0884
30908,4,90,45,-76.2886,33.1565,81,13.0884
30908,2,45,0,-78.1505,38.3054,81,13.0884
31008,3,90,0,-66.9628,16.2569,81,13.5384
31008,4,90,45,-76.1175,32.7236,81,13.5384
31008,2,45,0,-78.2033,38.4615,81,13.5384
31108,3,90,0,-67.2615,16.6335,81,13.9884
31108,4,90,45,-75.9444,32.2912,81,13.9884
31108,2,45,0,-78.2576,38.6222,81,13.9884
31208,3,90,0,-67.5563,17.0137,81,14.4384
31208,4,90,45,-75.7691,31.8593,81,14.4384
31208,2,45,0,-78.3131,38.7875,81,14.4384
31308,3,90,0,-67.847,17.3972,81,14.8884
31308,4,90,45,-75.5917,31.4278,81,14.8884
31308,2,45,0,-78.3699,38.9572,81,14.8884
31408,3,90,0,-68.1338,17.7839,81,15.3384
31408,4,90,45,-75.412,30.997,81,15.3384
31408,2,45,0,-78.4279,39.1314,81,15.3384
31508,3,90,0,-68.4164,18.1734,81,15.7884
31508,4,90,45,-75.2301,30.5666,81,15.7884
31508,2,45,0,-78.4871,39.31,81,15.7884
31608,3,90,0,-68.695,18.5657,81,16.2384
31608,4,90,45,-75.0458,30.1369,81,16.2384
31608,2,45,0,-78.5475,39.4928,81,16.2384
31708,3,90,0,-68.9695,18.9605,81,16.6884
31708,4,90,45,-74.8591,29.7077,81,16.6884
31708,2,45,0,-78.609,39.68,81,16.6884
31808,3,90,0,-69.24,19.3578,81,17.1384
31808,4,90,45,-74.67,29.2792,81,17.1384
31808,2,45,0,-78.6716,39.8713,81,17.1384
31908,3,90,0,-69.5065,19.7573,81,17.5884
31908,4,90,45,-74.4784,28.8513,81,17.5884
31908,2,45,0,-78.7352,40.0668,81,17.5884
32008,3,90,0,-69.7691,20.159,81,18.0384
32008,4,90,45,-74.2843,28.4241,81,18.0384
32008,2,45,0,-78.7999,40.2664,81,18.0384
32108,3,90,0,-70.0277,20.5626,81,18.4884
32108,4,90,45,-74.0875,27.9976,81,18.4884
32108,2,45,0,-78.8655,40.47,81,18.4884
32208,3,90,0,-70.2825,20.9681,81,18.9384
32208,4,90,45,-73.8881,27.5719,81,18.9384
32208,2,45,0,-78.9321,40.6775,81,18.9384
32308,3,90,0,-70.5334,21.3754,81,19.3884
32308,4,90,45,-73.686,27.1469,81,19.3884
32308,2,45,0,-78.9995,40.889,81,19.3884
32408,3,90,0,-70.7807,21.7844,81,19.8384
32408,4,90,45,-73.4811,26.7228,81,19.8384
32408,2,45,0,-79.0679,41.1043,81,19.8384
32508,3,90,0,-71.0243,22.195,81,20.2884
32508,4,90,45,-73.2733,26.2995,81,20.2884
32508,2,45,0,-79.1371,41.3233,81,20.2884
32608,3,90,0,-71.2643,22.6071,81,20.7384
32608,4,90,45,-73.0626,25.8771,81,20.7384
32608,2,45,0,-79.207,41.5461,81,20.7384
32708,3,90,0,-71.5007,23.0206,81,21.1884
32708,4,90,45,-72.8489,25.4557,81,21.1884
32708,2,45,0,-79.2778,41.7726,81,21.1884
32808,3,90,0,-71.7337,23.4354,81,21.6384
32808,4,90,45,-72.6322,25.0353,81,21.6384
32808,2,45,0,-79.3493,42.0026,81,21.6384
32908,3,90,0,-71.9633,23.8516,81,22.0884
32908,4,90,45,-72.4124,24.6159,81,22.0884
32908,2,45,0,-79.4215,42.2362,81,22.0884
33008,3,90,0,-72.1896,24.2689,81,22.5384
33008,4,90,45,-72.1893,24.1976,81,22.5384
33008,2,45,0,-79.4944,42.4733,81,22.5384
33108,4,90,45,-71.9631,23.7805,81,22.9884
33108,3,90,0,-72.4126,24.6874,81,22.9884
33108,2,45,0,-79.5679,42.7138,81,22.9884
33208,4,90,45,-71.7335,23.3646,81,23.4384
33208,3,90,0,-72.6324,25.1069,81,23.4384
33208,2,45,0,-79.642,42.9576,81,23.4384
33308,4,90,45,-71.5005,22.95,81,23.8884
33308,3,90,0,-72.8491,25.5275,81,23.8884
33308,2,45,0,-79.7167,43.2048,81,23.8884
33408,4,90,45,-71.264,22.5367,81,24.3384
33408,3,90,0,-73.0628,25.9491,81,24.3384
33408,2,45,0,-79.792,43.4552,81,24.3384
33508,4,90,45,-71.024,22.1249,81,24.7884
33508,3,90,0,-73.2735,26.3717,81,24.7884
33508,2,45,0,-79.8677,43.7089,81,24.7884
33608,4,90,45,-70.7804,21.7145,81,25.2384
33608,3,90,0,-73.4813,26.7951,81,25.2384
33608,2,45,0,-79.944,43.9656,81,25.2384
33708,4,90,45,-70.5332,21.3058,81,25.6884
33708,3,90,0,-73.6862,27.2194,81,25.6884
33708,2,45,0,-80.0207,44.2255,81,25.6884
33808,4,90,45,-70.2822,20.8988,81,26.1384
33808,3,90,0,-73.8883,27.6444,81,26.1384
33808,2,45,0,-80.0979,44.4884,81,26.1384
33908,4,90,45,-70.0274,20.4936,81,26.5884
33908,3,90,0,-74.0877,28.0703,81,26.5884
33908,2,45,0,-80.1755,44.7542,81,26.5884
34008,4,90,45,-69.7688,20.0903,81,27.0384
34008,3,90,0,-74.2845,28.4969,81,27.0384
34008,2,45,0,-80.2535,45.023,81,27.0384
34108,4,90,45,-69.5063,19.689,81,27.4884
34108,3,90,0,-74.4786,28.9242,81,27.4884
34108,2,45,0,-80.3319,45.2947,81,27.4884
34208,4,90,45,-69.2398,19.2899,81,27.9384
34208,3,90,0,-74.6702,29.3522,81,27.9384
34208,2,45,0,-80.4106,45.5692,81,27.9384
34308,4,90,45,-68.9693,18.893,81,28.3884
34308,3,90,0,-74.8593,29.7809,81,28.3884
34308,2,45,0,-80.4896,45.8465,81,28.3884
34408,4,90,45,-68.6947,18.4986,81,28.8384
34408,3,90,0,-75.046,30.2101,81,28.8384
34408,2,45,0,-80.5689,46.1265,81,28.8384
34508,4,90,45,-68.4161,18.1068,81,29.2884
34508,3,90,0,-75.2302,30.64,81,29.2884
34508,2,45,0,-80.6484,46.4092,81,29.2884
34608,4,90,45,-68.1335,17.7177,81,29.7384
34608,3,90,0,-75.4122,31.0704,81,29.7384
34608,2,45,0,-80.7283,46.6944,81,29.7384
34708,4,90,45,-67.8468,17.3316,81,30.1884
34708,3,90,0,-75.5919,31.5014,81,30.1884
34708,2,45,0,-80.8083,46.9823,81,30.1884
34808,4,90,45,-67.556,16.9486,81,30.6384
34808,3,90,0,-75.7693,31.9329,81,30.6384
34808,2,45,0,-80.8886,47.2727,81,30.6384
34908,4,90,45,-67.2612,16.569,81,31.0884
34908,3,90,0,-75.9446,32.3649,81,31.0884
34908,2,45,0,-80.9691,47.5656,81,31.0884
35008,4,90,45,-66.9625,16.1931,81,31.5384
35008,3,90,0,-76.1177,32.7974,81,31.5384
35008,2,45,0,-81.0497,47.8609,81,31.5384
35108,4,90,45,-66.6599,15.8209,81,31.9884
35108,3,90,0,-76.2887,33.2304,81,31.9884
35108,2,45,0,-81.1305,48.1587,81,31.9884
35208,4,90,45,-66.3536,15.453,81,32.4384
35208,3,90,0,-76.4577,33.6638,81,32.4384
35208,2,45,0,-81.2114,48.4587,81,32.4384
35308,4,90,45,-66.0437,15.0894,81,32.8884
35308,3,90,0,-76.6247,34.0976,81,32.8884
35308,2,45,0,-81.2924,48.7611,81,32.8884
35408,4,90,45,-65.7305,14.7307,81,33.3384
35408,3,90,0,-76.7898,34.5318,81,33.3384
35408,2,45,0,-81.3736,49.0658,81,33.3384
35508,4,90,45,-65.4142,14.3771,81,33.7884
35508,3,90,0,-76.9529,34.9665,81,33.7884
35508,2,45,0,-81.4548,49.3726,81,33.7884
35608,4,90,45,-65.0951,14.029,81,34.2384
35608,3,90,0,-77.1142,35.4015,81,34.2384
35608,2,45,0,-81.5361,49.6817,81,34.2384
35708,4,90,45,-64.7735,13.6868,81,34.6884
35708,3,90,0,-77.2736,35.8369,81,34.6884
35708,2,45,0,-81.6174,49.9928,81,34.6884
35808,4,90,45,-64.4501,13.3511,81,35.1384
35808,3,90,0,-77.4312,36.2727,81,35.1384
35808,2,45,0,-81.6988,50.3061,81,35.1384
35908,4,90,45,-64.1253,13.0222,81,35.5884
35908,3,90,0,-77.5871,36.7088,81,35.5884
35908,2,45,0,-81.7802,50.6215,81,35.5884
36008,4,90,45,-63.7997,12.7008,81,36.0384
36008,3,90,0,-77.7412,37.1452,81,36.0384
36008,2,45,0,-81.8617,50.9388,81,36.0384
36108,4,90,45,-63.4741,12.3874,81,36.4884
36108,3,90,0,-77.8936,37.5819,81,36.4884
36108,2,45,0,-81.9431,51.2582,81,36.4884
36208,4,90,45,-63.1494,12.0826,81,36.9384
36208,3,90,0,-78.0444,38.019,81,36.9384
36308,4,90,45,-62.8266,11.7871,81,37.3884
36308,3,90,0,-78.1936,38.4564,81,37.3884
36408,4,90,45,-62.5069,11.5017,81,37.8384
36408,3,90,0,-78.3411,38.894,81,37.8384
36508,4,90,45,-62.1915,11.227,81,38.2884
36508,3,90,0,-78.4871,39.3319,81,38.2884
36608,4,90,45,-61.882,10.9639,81,38.7384
36608,3,90,0,-78.6316,39.7701,81,38.7384
36708,4,90,45,-61.58,10.7133,81,39.1884
36708,3,90,0,-78.7746,40.2086,81,39.1884
36808,4,90,45,-61.2873,10.476,81,39.6384
36808,3,90,0,-78.9161,40.6473,81,39.6384
36808,8,90,90,-81.9344,51.1595,81,39.6384
36908,4,90,45,-61.0059,10.253,81,40.0884
36908,3,90,0,-79.0562,41.0862,81,40.0884
36908,8,90,90,-81.8212,50.7166,81,40.0884
37008,4,90,45,-60.7379,10.0452,81,40.5384
37008,3,90,0,-79.1948,41.5254,81,40.5384
37008,8,90,90,-81.7071,50.2738,81,40.5384
37108,4,90,45,-60.4855,9.85358,81,40.9884
37108,3,90,0,-79.3321,41.9648,81,40.9884
37108,8,90,90,-81.5919,49.8311,81,40.9884
37208,4,90,45,-60.2511,9.67911,81,41.4384
37208,3,90,0,-79.468,42.4045,81,41.4384
37208,8,90,90,-81.4758,49.3886,81,41.4384
37308,4,90,45,-60.0371,9.52272,81,41.8884
37308,3,90,0,-79.6026,42.8443,81,41.8884
37308,8,90,90,-81.3586,48.9462,81,41.8884
37408,4,90,45,-59.8457,9.38532,81,42.3384
37408,3,90,0,-79.7358,43.2844,81,42.3384
37408,8,90,90,-81.2405,48.5039,81,42.3384
37508,4,90,45,-59.6792,9.26775,81,42.7884
37508,3,90,0,-79.8678,43.7247,81,42.7884
37508,8,90,90,-81.1213,48.0618,81,42.7884
37608,4,90,45,-59.5398,9.17078,81,43.2384
37608,3,90,0,-79.9985,44.1651,81,43.2384
37608,8,90,90,-81.001,47.6198,81,43.2384
37708,4,90,45,-59.4293,9.09507,81,43.6884
37708,3,90,0,-80.1279,44.6058,81,43.6884
37708,8,90,90,-80.8796,47.178,81,43.6884
37808,4,90,45,-59.3492,9.04115,81,44.1384
37808,3,90,0,-80.2561,45.0466,81,44.1384
37808,8,90,90,-80.7572,46.7364,81,44.1384
37908,4,90,45,-59.3006,9.00941,81,44.5884
37908,3,90,0,-80.3832,45.4876,81,44.5884
37908,8,90,90,-80.6336,46.2949,81,44.5884
38008,4,90,45,-59.2844,9.00008,81,45.0384
38008,3,90,0,-80.509,45.9288,81,45.0384
38008,8,90,90,-80.5089,45.8535,81,45.0384
38108,4,90,45,-59.3007,9.01324,81,45.4884
38108,8,90,90,-80.3831,45.4124,81,45.4884
38108,3,90,0,-80.6337,46.3702,81,45.4884
38208,4,90,45,-59.3492,9.04879,81,45.9384
38208,8,90,90,-80.256,44.9714,81,45.9384
38208,3,90,0,-80.7573,46.8117,81,45.9384
38308,4,90,45,-59.4294,9.10646,81,46.3884
38308,8,90,90,-80.1278,44.5306,81,46.3884
38308,3,90,0,-80.8798,47.2534,81,46.3884
38408,4,90,45,-59.5399,9.18584,81,46.8384
38408,8,90,90,-79.9983,44.09,81,46.8384
38408,3,90,0,-81.0011,47.6952,81,46.8384
38508,4,90,45,-59.6794,9.28637,81,47.2884
38508,8,90,90,-79.8676,43.6495,81,47.2884
38508,3,90,0,-81.1214,48.1372,81,47.2884
38608,4,90,45,-59.8459,9.40738,81,47.7384
38608,8,90,90,-79.7357,43.2093,81,47.7384
38608,3,90,0,-81.2406,48.5794,81,47.7384
38708,4,90,45,-60.0373,9.54808,81,48.1884
38708,8,90,90,-79.6024,42.7693,81,48.1884
38708,3,90,0,-81.3588,49.0216,81,48.1884
38808,4,90,45,-60.2514,9.70762,81,48.6384
38808,8,90,90,-79.4679,42.3295,81,48.6384
38808,3,90,0,-81.4759,49.4641,81,48.6384
38908,4,90,45,-60.4858,9.88508,81,49.0884
38908,8,90,90,-79.332,41.8899,81,49.0884
38908,3,90,0,-81.592,49.9066,81,49.0884
39008,4,90,45,-60.7382,10.0795,81,49.5384
39008,8,90,90,-79.1947,41.4505,81,49.5384
39008,3,90,0,-81.7072,50.3493,81,49.5384
39108,4,90,45,-61.0062,10.29,81,49.9884
39108,8,90,90,-79.056,41.0113,81,49.9884
39108,3,90,0,-81.8214,50.7921,81,49.9884
39208,4,90,45,-61.2876,10.5155,81,50.4384
39208,8,90,90,-78.916,40.5724,81,50.4384
39208,3,90,0,-81.9346,51.2351,81,50.4384
39308,4,90,45,-61.5803,10.7551,81,50.8884
39308,8,90,90,-78.7745,40.1338,81,50.8884
39408,4,90,45,-61.8823,11.008,81,51.3384
39408,8,90,90,-78.6315,39.6953,81,51.3384
39508,4,90,45,-62.1918,11.2731,81,51.7884
39508,8,90,90,-78.487,39.2572,81,51.7884
39608,4,90,45,-62.5072,11.5496,81,52.2384
39608,8,90,90,-78.341,38.8193,81,52.2384
39708,4,90,45,-62.8269,11.8369,81,52.6884
39708,8,90,90,-78.1934,38.3817,81,52.6884
39808,4,90,45,-63.1497,12.134,81,53.1384
39808,8,90,90,-78.0443,37.9444,81,53.1384
39908,4,90,45,-63.4744,12.4403,81,53.5884
39908,8,90,90,-77.8935,37.5074,81,53.5884
39908,7,45,90,-81.943,51.2036,81,53.5884
40008,4,90,45,-63.8,12.7551,81,54.0384
40008,8,90,90,-77.741,37.0707,81,54.0384
40008,7,45,90,-81.8616,50.8846,81,54.0384
40108,4,90,45,-64.1256,13.0778,81,54.4884
40108,8,90,90,-77.5869,36.6343,81,54.4884
40108,7,45,90,-81.7802,50.5675,81,54.4884
40208,4,90,45,-64.4504,13.4079,81,54.9384
40208,8,90,90,-77.431,36.1983,81,54.9384
40208,7,45,90,-81.6987,50.2525,81,54.9384
40308,4,90,45,-64.7739,13.7448,81,55.3884
40308,8,90,90,-77.2734,35.7626,81,55.3884
40308,7,45,90,-81.6174,49.9396,81,55.3884
40408,4,90,45,-65.0954,14.088,81,55.8384
40408,8,90,90,-77.114,35.3273,81,55.8384
40408,7,45,90,-81.536,49.6288,81,55.8384
40508,4,90,45,-65.4145,14.437,81,56.2884
40508,8,90,90,-76.9528,34.8923,81,56.2884
40508,7,45,90,-81.4547,49.3201,81,56.2884
40608,4,90,45,-65.7308,14.7915,81,56.7384
40608,8,90,90,-76.7896,34.4577,81,56.7384
40608,7,45,90,-81.3735,49.0136,81,56.7384
40708,4,90,45,-66.044,15.1511,81,57.1884
40708,8,90,90,-76.6246,34.0236,81,57.1884
40708,7,45,90,-81.2923,48.7094,81,57.1884
40808,4,90,45,-66.3539,15.5154,81,57.6384
40808,8,90,90,-76.4576,33.5898,81,57.6384
40808,7,45,90,-81.2113,48.4074,81,57.6384
40908,4,90,45,-66.6602,15.8841,81,58.0884
40908,8,90,90,-76.2886,33.1565,81,58.0884
40908,7,45,90,-81.1304,48.1077,81,58.0884
41008,4,90,45,-66.9628,16.2569,81,58.5384
41008,8,90,90,-76.1175,32.7236,81,58.5384
41008,7,45,90,-81.0496,47.8104,81,58.5384
41108,4,90,45,-67.2615,16.6335,81,58.9884
41108,8,90,90,-75.9444,32.2912,81,58.9884
41108,7,45,90,-80.969,47.5155,81,58.9884
41208,4,90,45,-67.5563,17.0137,81,59.4384
41208,8,90,90,-75.7691,31.8593,81,59.4384
41208,7,45,90,-80.8885,47.223,81,59.4384
41308,4,90,45,-67.847,17.3972,81,59.8884
41308,8,90,90,-75.5917,31.4278,81,59.8884
41308,7,45,90,-80.8083,46.933,81,59.8884
41408,4,90,45,-68.1338,17.7839,81,60.3384
41408,8,90,90,-75.412,30.997,81,60.3384
41408,7,45,90,-80.7282,46.6456,81,60.3384
41508,4,90,45,-68.4164,18.1734,81,60.7884
41508,8,90,90,-75.2301,30.5666,81,60.7884
41508,7,45,90,-80.6484,46.3607,81,60.7884
41608,4,90,45,-68.695,18.5657,81,61.2384
41608,8,90,90,-75.0458,30.1369,81,61.2384
41608,7,45,90,-80.5688,46.0785,81,61.2384
41708,4,90,45,-68.9695,18.9605,81,61.6884
41708,8,90,90,-74.8591,29.7077,81,61.6884
41708,7,45,90,-80.4895,45.799,81,61.6884
41808,4,90,45,-69.24,19.3578,81,62.1384
41808,8,90,90,-74.67,29.2792,81,62.1384
41808,7,45,90,-80.4105,45.5222,81,62.1384
41908,4,90,45,-69.5065,19.7573,81,62.5884
41908,8,90,90,-74.4784,28.8513,81,62.5884
41908,7,45,90,-80.3318,45.2482,81,62.5884
42008,4,90,45,-69.7691,20.159,81,63.0384
42008,8,90,90,-74.2843,28.4241,81,63.0384
42008,7,45,90,-80.2534,44.977,81,63.0384
42108,4,90,45,-70.0277,20.5626,81,63.4884
42108,8,90,90,-74.0875,27.9976,81,63.4884
42108,7,45,90,-80.1755,44.7087,81,63.4884
42208,4,90,45,-70.2825,20.9681,81,63.9384
42208,8,90,90,-73.8881,27.5719,81,63.9384
42208,7,45,90,-80.0979,44.4433,81,63.9384
42308,4,90,45,-70.5334,21.3754,81,64.3884
42308,8,90,90,-73.686,27.1469,81,64.3884
42308,7,45,90,-80.0207,44.1809,81,64.3884
42408,4,90,45,-70.7807,21.7844,81,64.8384
42408,8,90,90,-73.4811,26.7228,81,64.8384
42408,7,45,90,-79.9439,43.9216,81,64.8384
42508,4,90,45,-71.0243,22.195,81,65.2884
42508,8,90,90,-73.2733,26.2995,81,65.2884
42508,7,45,90,-79.8677,43.6654,81,65.2884
42608,4,90,45,-71.2643,22.6071,81,65.7384
42608,8,90,90,-73.0626,25.8771,81,65.7384
42608,7,45,90,-79.7919,43.4123,81,65.7384
42708,4,90,45,-71.5007,23.0206,81,66.1884
42708,8,90,90,-72.8489,25.4557,81,66.1884
42708,7,45,90,-79.7166,43.1624,81,66.1884
42808,4,90,45,-71.7337,23.4354,81,66.6384
42808,8,90,90,-72.6322,25.0353,81,66.6384
42808,7,45,90,-79.6419,42.9158,81,66.6384
42908,4,90,45,-71.9633,23.8516,81,67.0884
42908,8,90,90,-72.4124,24.6159,81,67.0884
42908,7,45,90,-79.5678,42.6725,81,67.0884
43008,4,90,45,-72.1896,24.2689,81,67.5384
43008,8,90,90,-72.1893,24.1976,81,67.5384
43008,7,45,90,-79.4943,42.4326,81,67.5384
43108,8,90,90,-71.9631,23.7805,81,67.9884
43108,4,90,45,-72.4126,24.6874,81,67.9884
43108,7,45,90,-79.4214,42.1961,81,67.9884
43208,8,90,90,-71.7335,23.3646,81,68.4384
43208,4,90,45,-72.6324,25.1069,81,68.4384
43208,7,45,90,-79.3492,41.9631,81,68.4384
43308,8,90,90,-71.5005,22.95,81,68.8884
43308,4,90,45,-72.8491,25.5275,81,68.8884
43308,7,45,90,-79.2777,41.7337,81,68.8884
43408,8,90,90,-71.264,22.5367,81,69.3384
43408,4,90,45,-73.0628,25.9491,81,69.3384
43408,7,45,90,-79.207,41.5079,81,69.3384
43508,8,90,90,-71.024,22.1249,81,69.7884
43508,4,90,45,-73.2735,26.3717,81,69.7884
43508,7,45,90,-79.137,41.2857,81,69.7884
43608,8,90,90,-70.7804,21.7145,81,70.2384
43608,4,90,45,-73.4813,26.7951,81,70.2384
43608,7,45,90,-79.0678,41.0673,81,70.2384
43708,8,90,90,-70.5332,21.3058,81,70.6884
43708,4,90,45,-73.6862,27.2194,81,70.6884
43708,7,45,90,-78.9995,40.8526,81,70.6884
43808,8,90,90,-70.2822,20.8988,81,71.1384
43808,4,90,45,-73.8883,27.6444,81,71.1384
43808,7,45,90,-78.932,40.6419,81,71.1384
43908,8,90,90,-70.0274,20.4936,81,71.5884
43908,4,90,45,-74.0877,28.0703,81,71.5884
43908,7,45,90,-78.8654,40.435,81,71.5884
44008,8,90,90,-69.7688,20.0903,81,72.0384
44008,4,90,45,-74.2845,28.4969,81,72.0384
44008,7,45,90,-78.7998,40.2321,81,72.0384
44108,8,90,90,-69.5063,19.689,81,72.4884
44108,4,90,45,-74.4786,28.9242,81,72.4884
44108,7,45,90,-78.7351,40.0332,81,72.4884
44208,8,90,90,-69.2398,19.2899,81,72.9384
44208,4,90,45,-74.6702,29.3522,81,72.9384
44208,7,45,90,-78.6715,39.8384,81,72.9384
44308,8,90,90,-68.9693,18.893,81,73.3884
44308,4,90,45,-74.8593,29.7809,81,73.3884
44308,7,45,90,-78.6089,39.6478,81,73.3884
44408,8,90,90,-68.6947,18.4986,81,73.8384
44408,4,90,45,-75.046,30.2101,81,73.8384
44408,7,45,90,-78.5474,39.4613,81,73.8384
44508,8,90,90,-68.4161,18.1068,81,74.2884
44508,4,90,45,-75.2302,30.64,81,74.2884
44508,7,45,90,-78.487,39.2792,81,74.2884
44608,8,90,90,-68.1335,17.7177,81,74.7384
44608,4,90,45,-75.4122,31.0704,81,74.7384
44608,7,45,90,-78.4278,39.1014,81,74.7384
44708,8,90,90,-67.8468,17.3316,81,75.1884
44708,4,90,45,-75.5919,31.5014,81,75.1884
44708,7,45,90,-78.3698,38.9279,81,75.1884
44808,8,90,90,-67.556,16.9486,81,75.6384
44808,4,90,45,-75.7693,31.9329,81,75.6384
44808,7,45,90,-78.313,38.7589,81,75.6384
44908,8,90,90,-67.2612,16.569,81,76.0884
44908,4,90,45,-75.9446,32.3649,81,76.0884
44908,7,45,90,-78.2575,38.5945,81,76.0884
45008,8,90,90,-66.9625,16.1931,81,76.5384
45008,4,90,45,-76.1177,32.7974,81,76.5384
45008,7,45,90,-78.2033,38.4346,81,76.5384
45108,8,90,90,-66.6599,15.8209,81,76.9884
45108,4,90,45,-76.2887,33.2304,81,76.9884
45108,7,45,90,-78.1504,38.2793,81,76.9884
45208,8,90,90,-66.3536,15.453,81,77.4384
45208,4,90,45,-76.4577,33.6638,81,77.4384
45208,7,45,90,-78.0989,38.1287,81,77.4384
45308,8,90,90,-66.0437,15.0894,81,77.8884
45308,4,90,45,-76.6247,34.0976,81,77.8884
45308,7,45,90,-78.0489,37.9828,81,77.8884
45408,8,90,90,-65.7305,14.7307,81,78.3384
45408,4,90,45,-76.7898,34.5318,81,78.3384
45408,7,45,90,-78.0003,37.8417,81,78.3384
45508,8,90,90,-65.4142,14.3771,81,78.7884
45508,4,90,45,-76.9529,34.9665,81,78.7884
45508,7,45,90,-77.9531,37.7054,81,78.7884
45608,8,90,90,-65.0951,14.029,81,79.2384
45608,4,90,45,-77.1142,35.4015,81,79.2384
45608,7,45,90,-77.9076,37.5741,81,79.2384
45708,8,90,90,-64.7735,13.6868,81,79.6884
45708,4,90,45,-77.2736,35.8369,81,79.6884
45708,7,45,90,-77.8635,37.4477,81,79.6884
45808,8,90,90,-64.4501,13.3511,81,80.1384
45808,4,90,45,-77.4312,36.2727,81,80.1384
45808,7,45,90,-77.8211,37.3263,81,80.1384
45908,8,90,90,-64.1253,13.0222,81,80.5884
45908,4,90,45,-77.5871,36.7088,81,80.5884
45908,7,45,90,-77.7802,37.2099,81,80.5884
46008,8,90,90,-63.7998,12.7279,81,81
46008,4,90,45,-77.7411,37.108,81,81
46008,7,45,90,-77.7411,37.108,81,81
46108,8,90,90,-63.7998,12.7279,81,81
46108,4,90,45,-77.7411,37.108,81,81
46108,7,45,90,-77.7411,37.108,81,81
46208,8,90,90,-63.7998,12.7279,81,81
46208,4,90,45,-77.7411,37.108,81,81
46208,7,45,90,-77.7411,37.108,81,81
46308,8,90,90,-63.7998,12.7279,81,81
46308,4,90,45,-77.7411,37.108,81,81
46308,7,45,90,-77.7411,37.108,81,81
46408,8,90,90,-63.7998,12.7279,81,81
46408,4,90,45,-77.7411,37.108,81,81
46408,7,45,90,-77.7411,37.108,81,81
46508,8,90,90,-63.7998,12.7279,81,81
46508,4,90,45,-77.7411,37.108,81,81
46508,7,45,90,-77.7411,37.108,81,81
46608,8,90,90,-63.7998,12.7279,81,81
46608,4,90,45,-77.7411,37.108,81,81
46608,7,45,90,-77.7411,37.108,81,81
46708,8,90,90,-63.7998,12.7279,81,81
46708,4,90,45,-77.7411,37.108,81,81
46708,7,45,90,-77.7411,37.108,81,81
46808,8,90,90,-63.7998,12.7279,81,81
46808,4,90,45,-77.7411,37.108,81,81
46808,7,45,90,-77.7411,37.108,81,81
46908,8,90,90,-63.7998,12.7279,81,81
46908,4,90,45,-77.7411,37.108,81,81
46908,7,45,90,-77.7411,37.108,81,81
47008,8,90,90,-63.7998,12.7279,81,81
47008,4,90,45,-77.7411,37.108,81,81
47008,7,45,90,-77.7411,37.108,81,81
47108,8,90,90,-63.7998,12.7279,81,81
47108,4,90,45,-77.7411,37.108,81,81
47108,7,45,90,-77.7411,37.108,81,81
47208,8,90,90,-63.7998,12.7279,81,81
47208,4,90,45,-77.7411,37.108,81,81
47208,7,45,90,-77.7411,37.108,81,81
47308,8,90,90,-63.7998,12.7279,81,81
47308,4,90,45,-77.7411,37.108,81,81
47308,7,45,90,-77.7411,37.108,81,81
47408,8,90,90,-63.7998,12.7279,81,81
47408,4,90,45,-77.7411,37.108,81,81
47408,7,45,90,-77.7411,37.108,81,81
47508,8,90,90,-63.7998,12.7279,81,81
47508,4,90,45,-77.7411,37.108,81,81
47508,7,45,90,-77.7411,37.108,81,81
47608,8,90,90,-63.7998,12.7279,81,81
47608,4,90,45,-77.7411,37.108,81,81
47608,7,45,90,-77.7411,37.108,81,81
47708,8,90,90,-63.7998,12.7279,81,81
47708,4,90,45,-77.7411,37.108,81,81
47708,7,45,90,-77.7411,37.108,81,81
47808,8,90,90,-63.7998,12.7279,81,81
47808,4,90,45,-77.7411,37.108,81,81
47808,7,45,90,-77.7411,37.108,81,81
47908,8,90,90,-63.7998,12.7279,81,81
47908,4,90,45,-77.7411,37.108,81,81
47908,7,45,90,-77.7411,37.108,81,81
48008,8,90,90,-63.7998,12.7279,81,81
48008,4,90,45,-77.7411,37.108,81,81
48008,7,45,90,-77.7411,37.108,81,81
48108,8,90,90,-63.7998,12.7279,81,81
48108,4,90,45,-77.7411,37.108,81,81
48108,7,45,90,-77.7411,37.108,81,81
48208,8,90,90,-63.7998,12.7279,81,81
48208,4,90,45,-77.7411,37.108,81,81
48208,7,45,90,-77.7411,37.108,81,81
48308,8,90,90,-63.7998,12.7279,81,81
48308,4,90,45,-77.7411,37.108,81,81
48308,7,45,90,-77.7411,37.108,81,81
48408,8,90,90,-63.7998,12.7279,81,81
48408,4,90,45,-77.7411,37.108,81,81
48408,7,45,90,-77.7411,37.108,81,81
48508,8,90,90,-63.7998,12.7279,81,81
48508,4,90,45,-77.7411,37.108,81,81
48508,7,45,90,-77.7411,37.108,81,81
48608,8,90,90,-63.7998,12.7279,81,81
48608,4,90,45,-77.7411,37.108,81,81
48608,7,45,90,-77.7411,37.108,81,81
48708,8,90,90,-63.7998,12.7279,81,81
48708,4,90,45,-77.7411,37.108,81,81
48708,7,45,90,-77.7411,37.108,81,81
48808,8,90,90,-63.7998,12.7279,81,81
48808,4,90,45,-77.7411,37.108,81,81
48808,7,45,90,-77.7411,37.108,81,81
48908,8,90,90,-63.7998,12.7279,81,81
48908,4,90,45,-77.7411,37.108,81,81
48908,7,45,90,-77.7411,37.108,81,81
49008,8,90,90,-63.7998,12.7279,81,81
49008,4,90,45,-77.7411,37.108,81,81
49008,7,45,90,-77.7411,37.108,81,81
49108,8,90,90,-63.7998,12.7279,81,81
49108,4,90,45,-77.7411,37.108,81,81
49108,7,45,90,-77.7411,37.108,81,81
49208,8,90,90,-63.7998,12.7279,81,81
49208,4,90,45,-77.7411,37.108,81,81
49208,7,45,90,-77.7411,37.108,81,81
49308,8,90,90,-63.7998,12.7279,81,81
49308,4,90,45,-77.7411,37.108,81,81
49308,7,45,90,-77.7411,37.108,81,81
49408,8,90,90,-63.7998,12.7279,81,81
49408,4,90,45,-77.7411,37.108,81,81
49408,7,45,90,-77.7411,37.108,81,81
49508,8,90,90,-63.7998,12.7279,81,81
49508,4,90,45,-77.7411,37.108,81,81
49508,7,45,90,-77.7411,37.108,81,81
49608,8,90,90,-63.7998,12.7279,81,81
49608,4,90,45,-77.7411,37.108,81,81
49608,7,45,90,-77.7411,37.108,81,81
49708,8,90,90,-63.7998,12.7279,81,81
49708,4,90,45,-77.7411,37.108,81,81
49708,7,45,90,-77.7411,37.108,81,81
49808,8,90,90,-63.7998,12.7279,81,81
49808,4,90,45,-77.7411,37.108,81,81
49808,7,45,90,-77.7411,37.108,81,81
49908,8,90,90,-63.7998,12.7279,81,81
49908,4,90,45,-77.7411,37.108,81,81
49908,7,45,90,-77.7411,37.108,81,81
50008,8,90,90,-63.8,12.7551,80.9616,81
50008,4,90,45,-77.7411,37.1173,80.9616,81
50008,7,45,90,-77.741,37.0707,80.9616,81
50108,8,90,90,-64.1256,13.0778,80.5116,81
50108,7,45,90,-77.5869,36.6343,80.5116,81
50108,4,90,45,-77.7803,37.2294,80.5116,81
50208,8,90,90,-64.4504,13.4079,80.0616,81
50208,7,45,90,-77.431,36.1983,80.0616,81
50208,4,90,45,-77.8211,37.3466,80.0616,81
50308,8,90,90,-64.7739,13.7448,79.6116,81
50308,7,45,90,-77.2734,35.7626,79.6116,81
50308,4,90,45,-77.8636,37.4689,79.6116,81
50408,8,90,90,-65.0954,14.088,79.1616,81
50408,7,45,90,-77.114,35.3273,79.1616,81
50408,4,90,45,-77.9076,37.5962,79.1616,81
50508,8,90,90,-65.4145,14.437,78.7116,81
50508,7,45,90,-76.9528,34.8923,78.7116,81
50508,4,90,45,-77.9532,37.7283,78.7116,81
50608,8,90,90,-65.7308,14.7915,78.2616,81
50608,7,45,90,-76.7896,34.4577,78.2616,81
50608,4,90,45,-78.0003,37.8654,78.2616,81
50708,8,90,90,-66.044,15.1511,77.8116,81
50708,7,45,90,-76.6246,34.0236,77.8116,81
50708,4,90,45,-78.0489,38.0073,77.8116,81
50808,8,90,90,-66.3539,15.5154,77.3616,81
50808,7,45,90,-76.4576,33.5898,77.3616,81
50808,4,90,45,-78.099,38.154,77.3616,81
50908,8,90,90,-66.6602,15.8841,76.9116,81
50908,7,45,90,-76.2886,33.1565,76.9116,81
50908,4,90,45,-78.1505,38.3054,76.9116,81
51008,8,90,90,-66.9628,16.2569,76.4616,81
51008,7,45,90,-76.1175,32.7236,76.4616,81
51008,4,90,45,-78.2033,38.4615,76.4616,81
51108,8,90,90,-67.2615,16.6335,76.0116,81
51108,7,45,90,-75.9444,32.2912,76.0116,81
51108,4,90,45,-78.2576,38.6222,76.0116,81
51208,8,90,90,-67.5563,17.0137,75.5616,81
51208,7,45,90,-75.7691,31.8593,75.5616,81
51208,4,90,45,-78.3131,38.7875,75.5616,81
51308,8,90,90,-67.847,17.3972,75.1116,81
51308,7,45,90,-75.5917,31.4278,75.1116,81
51308,4,90,45,-78.3699,38.9572,75.1116,81
51408,8,90,90,-68.1338,17.7839,74.6616,81
51408,7,45,90,-75.412,30.997,74.6616,81
51408,4,90,45,-78.4279,39.1314,74.6616,81
51508,8,90,90,-68.4164,18.1734,74.2116,81
51508,7,45,90,-75.2301,30.5666,74.2116,81
51508,4,90,45,-78.4871,39.31,74.2116,81
51608,8,90,90,-68.695,18.5657,73.7616,81
51608,7,45,90,-75.0458,30.1369,73.7616,81
51608,4,90,45,-78.5475,39.4928,73.7616,81
51708,8,90,90,-68.9695,18.9605,73.3116,81
51708,7,45,90,-74.8591,29.7077,73.3116,81
51708,4,90,45,-78.609,39.68,73.3116,81
51808,8,90,90,-69.24,19.3578,72.8616,81
51808,7,45,90,-74.67,29.2792,72.8616,81
51808,4,90,45,-78.6716,39.8713,72.8616,81
51908,8,90,90,-69.5065,19.7573,72.4116,81
51908,7,45,90,-74.4784,28.8513,72.4116,81
51908,4,90,45,-78.7352,40.0668,72.4116,81
52008,8,90,90,-69.7691,20.159,71.9616,81
52008,7,45,90,-74.2843,28.4241,71.9616,81
52008,4,90,45,-78.7999,40.2664,71.9616,81
52108,8,90,90,-70.0277,20.5626,71.5116,81
52108,7,45,90,-74.0875,27.9976,71.5116,81
52108,4,90,45,-78.8655,40.47,71.5116,81
52208,8,90,90,-70.2825,20.9681,71.0616,81
52208,7,45,90,-73.8881,27.5719,71.0616,81
52208,4,90,45,-78.9321,40.6775,71.0616,81
52308,8,90,90,-70.5334,21.3754,70.6116,81
52308,7,45,90,-73.686,27.1469,70.6116,81
52308,4,90,45,-78.9995,40.889,70.6116,81
52408,8,90,90,-70.7807,21.7844,70.1616,81
52408,7,45,90,-73.4811,26.7228,70.1616,81
52408,4,90,45,-79.0679,41.1043,70.1616,81
52508,8,90,90,-71.0243,22.195,69.7116,81
52508,7,45,90,-73.2733,26.2995,69.7116,81
52508,4,90,45,-79.1371,41.3233,69.7116,81
52608,8,90,90,-71.2643,22.6071,69.2616,81
52608,7,45,90,-73.0626,25.8771,69.2616,81
52608,4,90,45,-79.207,41.5461,69.2616,81
52708,8,90,90,-71.5007,23.0206,68.8116,81
52708,7,45,90,-72.8489,25.4557,68.8116,81
52708,4,90,45,-79.2778,41.7726,68.8116,81
52808,8,90,90,-71.7337,23.4354,68.3616,81
52808,7,45,90,-72.6322,25.0353,68.3616,81
52808,4,90,45,-79.3493,42.0026,68.3616,81
52908,8,90,90,-71.9633,23.8516,67.9116,81
52908,7,45,90,-72.4124,24.6159,67.9116,81
52908,4,90,45,-79.4215,42.2362,67.9116,81
53008,7,45,90,-72.1893,24.1976,67.4616,81
53008,8,90,90,-72.1896,24.2689,67.4616,81
53008,4,90,45,-79.4944,42.4733,67.4616,81
53108,7,45,90,-71.9631,23.7805,67.0116,81
53108,8,90,90,-72.4126,24.6874,67.0116,81
53108,4,90,45,-79.5679,42.7138,67.0116,81
53208,7,45,90,-71.7335,23.3646,66.5616,81
53208,8,90,90,-72.6324,25.1069,66.5616,81
53208,4,90,45,-79.642,42.9576,66.5616,81
53308,7,45,90,-71.5005,22.95,66.1116,81
53308,8,90,90,-72.8491,25.5275,66.1116,81
53308,4,90,45,-79.7167,43.2048,66.1116,81
53408,7,45,90,-71.264,22.5367,65.6616,81
53408,8,90,90,-73.0628,25.9491,65.6616,81
53408,4,90,45,-79.792,43.4552,65.6616,81
53508,7,45,90,-71.024,22.1249,65.2116,81
53508,8,90,90,-73.2735,26.3717,65.2116,81
53508,4,90,45,-79.8677,43.7089,65.2116,81
53608,7,45,90,-70.7804,21.7145,64.7616,81
53608,8,90,90,-73.4813,26.7951,64.7616,81
53608,4,90,45,-79.944,43.9656,64.7616,81
53708,7,45,90,-70.5332,21.3058,64.3116,81
53708,8,90,90,-73.6862,27.2194,64.3116,81
53708,4,90,45,-80.0207,44.2255,64.3116,81
53808,7,45,90,-70.2822,20.8988,63.8616,81
53808,8,90,90,-73.8883,27.6444,63.8616,81
53808,4,90,45,-80.0979,44.4884,63.8616,81
53908,7,45,90,-70.0274,20.4936,63.4116,81
53908,8,90,90,-74.0877,28.0703,63.4116,81
53908,4,90,45,-80.1755,44.7542,63.4116,81
54008,7,45,90,-69.7688,20.0903,62.9616,81
54008,8,90,90,-74.2845,28.4969,62.9616,81
54008,4,90,45,-80.2535,45.023,62.9616,81
54108,7,45,90,-69.5063,19.689,62.5116,81
54108,8,90,90,-74.4786,28.9242,62.5116,81
54108,4,90,45,-80.3319,45.2947,62.5116,81
54208,7,45,90,-69.2398,19.2899,62.0616,81
54208,8,90,90,-74.6702,29.3522,62.0616,81
54208,4,90,45,-80.4106,45.5692,62.0616,81
54308,7,45,90,-68.9693,18.893,61.6116,81
54308,8,90,90,-74.8593,29.7809,61.6116,81
54308,4,90,45,-80.4896,45.8465,61.6116,81
54408,7,45,90,-68.6947,18.4986,61.1616,81
54408,8,90,90,-75.046,30.2101,61.1616,81
54408,4,90,45,-80.5689,46.1265,61.1616,81
54508,7,45,90,-68.4161,18.1068,60.7116,81
54508,8,90,90,-75.2302,30.64,60.7116,81
54508,4,90,45,-80.6484,46.4092,60.7116,81
54608,7,45,90,-68.1335,17.7177,60.2616,81
54608,8,90,90,-75.4122,31.0704,60.2616,81
54608,4,90,45,-80.7283,46.6944,60.2616,81
54708,7,45,90,-67.8468,17.3316,59.8116,81
54708,8,90,90,-75.5919,31.5014,59.8116,81
54708,4,90,45,-80.8083,46.9823,59.8116,81
54808,7,45,90,-67.556,16.9486,59.3616,81
54808,8,90,90,-75.7693,31.9329,59.3616,81
54808,4,90,45,-80.8886,47.2727,59.3616,81
54908,7,45,90,-67.2612,16.569,58.9116,81
54908,8,90,90,-75.9446,32.3649,58.9116,81
54908,4,90,45,-80.9691,47.5656,58.9116,81
55008,7,45,90,-66.9625,16.1931,58.4616,81
55008,8,90,90,-76.1177,32.7974,58.4616,81
55008,4,90,45,-81.0497,47.8609,58.4616,81
55108,7,45,90,-66.6599,15.8209,58.0116,81
55108,8,90,90,-76.2887,33.2304,58.0116,81
55108,4,90,45,-81.1305,48.1587,58.0116,81
55208,7,45,90,-66.3536,15.453,57.5616,81
55208,8,90,90,-76.4577,33.6638,57.5616,81
55208,4,90,45,-81.2114,48.4587,57.5616,81
55308,7,45,90,-66.0437,15.0894,57.1116,81
55308,8,90,90,-76.6247,34.0976,57.1116,81
55308,4,90,45,-81.2924,48.7611,57.1116,81
55408,7,45,90,-65.7305,14.7307,56.6616,81
55408,8,90,90,-76.7898,34.5318,56.6616,81
55408,4,90,45,-81.3736,49.0658,56.6616,81
55508,7,45,90,-65.4142,14.3771,56.2116,81
55508,8,90,90,-76.9529,34.9665,56.2116,81
55508,4,90,45,-81.4548,49.3726,56.2116,81
55608,7,45,90,-65.0951,14.029,55.7616,81
55608,8,90,90,-77.1142,35.4015,55.7616,81
55608,4,90,45,-81.5361,49.6817,55.7616,81
55708,7,45,90,-64.7735,13.6868,55.3116,81
55708,8,90,90,-77.2736,35.8369,55.3116,81
55708,4,90,45,-81.6174,49.9928,55.3116,81
55808,7,45,90,-64.4501,13.3511,54.8616,81
55808,8,90,90,-77.4312,36.2727,54.8616,81
55808,4,90,45,-81.6988,50.3061,54.8616,81
55908,7,45,90,-64.1253,13.0222,54.4116,81
55908,8,90,90,-77.5871,36.7088,54.4116,81
55908,4,90,45,-81.7802,50.6215,54.4116,81
56008,7,45,90,-63.7997,12.7008,53.9616,81
56008,8,90,90,-77.7412,37.1452,53.9616,81
56008,4,90,45,-81.8617,50.9388,53.9616,81
56108,7,45,90,-63.4741,12.3874,53.5116,81
56108,8,90,90,-77.8936,37.5819,53.5116,81
56108,4,90,45,-81.9431,51.2582,53.5116,81
56208,7,45,90,-63.1494,12.0826,53.0616,81
56208,8,90,90,-78.0444,38.019,53.0616,81
56308,7,45,90,-62.8266,11.7871,52.6116,81
56308,8,90,90,-78.1936,38.4564,52.6116,81
56408,7,45,90,-62.5069,11.5017,52.1616,81
56408,8,90,90,-78.3411,38.894,52.1616,81
56508,7,45,90,-62.1915,11.227,51.7116,81
56508,8,90,90,-78.4871,39.3319,51.7116,81
56608,7,45,90,-61.882,10.9639,51.2616,81
56608,8,90,90,-78.6316,39.7701,51.2616,81
56708,7,45,90,-61.58,10.7133,50.8116,81
56708,8,90,90,-78.7746,40.2086,50.8116,81
56808,7,45,90,-61.2873,10.476,50.3616,81
56808,8,90,90,-78.9161,40.6473,50.3616,81
56808,6,0,90,-81.9344,51.1595,50.3616,81
56908,7,45,90,-61.0059,10.253,49.9116,81
56908,8,90,90,-79.0562,41.0862,49.9116,81
56908,6,0,90,-81.8212,50.7166,49.9116,81
57008,7,45,90,-60.7379,10.0452,49.4616,81
57008,8,90,90,-79.1948,41.5254,49.4616,81
57008,6,0,90,-81.7071,50.2738,49.4616,81
57108,7,45,90,-60.4855,9.85358,49.0116,81
57108,8,90,90,-79.3321,41.9648,49.0116,81
57108,6,0,90,-81.5919,49.8311,49.0116,81
57208,7,45,90,-60.2511,9.67911,48.5616,81
57208,8,90,90,-79.468,42.4045,48.5616,81
57208,6,0,90,-81.4758,49.3886,48.5616,81
57308,7,45,90,-60.0371,9.52272,48.1116,81
57308,8,90,90,-79.6026,42.8443,48.1116,81
57308,6,0,90,-81.3586,48.9462,48.1116,81
57408,7,45,90,-59.8457,9.38532,47.6616,81
57408,8,90,90,-79.7358,43.2844,47.6616,81
57408,6,0,90,-81.2405,48.5039,47.6616,81
57508,7,45,90,-59.6792,9.26775,47.2116,81
57508,8,90,90,-79.8678,43.7247,47.2116,81
57508,6,0,90,-81.1213,48.0618,47.2116,81
57608,7,45,90,-59.5398,9.17078,46.7616,81
57608,8,90,90,-79.9985,44.1651,46.7616,81
57608,6,0,90,-81.001,47.6198,46.7616,81
57708,7,45,90,-59.4293,9.09507,46.3116,81
57708,8,90,90,-80.1279,44.6058,46.3116,81
57708,6,0,90,-80.8796,47.178,46.3116,81
57808,7,45,90,-59.3492,9.04115,45.8616,81
57808,8,90,90,-80.2561,45.0466,45.8616,81
57808,6,0,90,-80.7572,46.7364,45.8616,81
57908,7,45,90,-59.3006,9.00941,45.4116,81
57908,8,90,90,-80.3832,45.4876,45.4116,81
57908,6,0,90,-80.6336,46.2949,45.4116,81
58008,7,45,90,-59.2844,9.00008,44.9616,81
58008,6,0,90,-80.5089,45.8535,44.9616,81
58008,8,90,90,-80.509,45.9288,44.9616,81
58108,7,45,90,-59.3007,9.01324,44.5116,81
58108,6,0,90,-80.3831,45.4124,44.5116,81
58108,8,90,90,-80.6337,46.3702,44.5116,81
58208,7,45,90,-59.3492,9.04879,44.0616,81
58208,6,0,90,-80.256,44.9714,44.0616,81
58208,8,90,90,-80.7573,46.8117,44.0616,81
58308,7,45,90,-59.4294,9.10646,43.6116,81
58308,6,0,90,-80.1278,44.5306,43.6116,81
58308,8,90,90,-80.8798,47.2534,43.6116,81
58408,7,45,90,-59.5399,9.18584,43.1616,81
58408,6,0,90,-79.9983,44.09,43.1616,81
58408,8,90,90,-81.0011,47.6952,43.1616,81
58508,7,45,90,-59.6794,9.28637,42.7116,81
58508,6,0,90,-79.8676,43.6495,42.7116,81
58508,8,90,90,-81.1214,48.1372,42.7116,81
58608,7,45,90,-59.8459,9.40738,42.2616,81
58608,6,0,90,-79.7357,43.2093,42.2616,81
58608,8,90,90,-81.2406,48.5794,42.2616,81
58708,7,45,90,-60.0373,9.54808,41.8116,81
58708,6,0,90,-79.6024,42.7693,41.8116,81
58708,8,90,90,-81.3588,49.0216,41.8116,81
58808,7,45,90,-60.2514,9.70762,41.3616,81
58808,6,0,90,-79.4679,42.3295,41.3616,81
58808,8,90,90,-81.4759,49.4641,41.3616,81
58908,7,45,90,-60.4858,9.88508,40.9116,81
58908,6,0,90,-79.332,41.8899,40.9116,81
58908,8,90,90,-81.592,49.9066,40.9116,81
59008,7,45,90,-60.7382,10.0795,40.4616,81
59008,6,0,90,-79.1947,41.4505,40.4616,81
59008,8,90,90,-81.7072,50.3493,40.4616,81
59108,7,45,90,-61.0062,10.29,40.0116,81
59108,6,0,90,-79.056,41.0113,40.0116,81
59108,8,90,90,-81.8214,50.7921,40.0116,81
59208,7,45,90,-61.2876,10.5155,39.5616,81
59208,6,0,90,-78.916,40.5724,39.5616,81
59208,8,90,90,-81.9346,51.2351,39.5616,81
59308,7,45,90,-61.5803,10.7551,39.1116,81
59308,6,0,90,-78.7745,40.1338,39.1116,81
59408,7,45,90,-61.8823,11.008,38.6616,81
59408,6,0,90,-78.6315,39.6953,38.6616,81
59508,7,45,90,-62.1918,11.2731,38.2116,81
59508,6,0,90,-78.487,39.2572,38.2116,81
59608,7,45,90,-62.5072,11.5496,37.7616,81
59608,6,0,90,-78.341,38.8193,37.7616,81
59708,7,45,90,-62.8269,11.8369,37.3116,81
59708,6,0,90,-78.1934,38.3817,37.3116,81
59808,7,45,90,-63.1497,12.134,36.8616,81
59808,6,0,90,-78.0443,37.9444,36.8616,81
59908,7,45,90,-63.4744,12.4403,36.4116,81
59908,6,0,90,-77.8935,37.5074,36.4116,81
59908,5,0,45,-81.943,51.2036,36.4116,81
60008,7,45,90,-63.8,12.7551,35.9616,81
60008,6,0,90,-77.741,37.0707,35.9616,81
60008,5,0,45,-81.8616,50.8846,35.9616,81
60108,7,45,90,-64.1256,13.0778,35.5116,81
60108,6,0,90,-77.5869,36.6343,35.5116,81
60108,5,0,45,-81.7802,50.5675,35.5116,81
60208,7,45,90,-64.4504,13.4079,35.0616,81
60208,6,0,90,-77.431,36.1983,35.0616,81
60208,5,0,45,-81.6987,50.2525,35.0616,81
60308,7,45,90,-64.7739,13.7448,34.6116,81
60308,6,0,90,-77.2734,35.7626,34.6116,81
60308,5,0,45,-81.6174,49.9396,34.6116,81
60408,7,45,90,-65.0954,14.088,34.1616,81
60408,6,0,90,-77.114,35.3273,34.1616,81
60408,5,0,45,-81.536,49.6288,34.1616,81
60508,7,45,90,-65.4145,14.437,33.7116,81
60508,6,0,90,-76.9528,34.8923,33.7116,81
60508,5,0,45,-81.4547,49.3201,33.7116,81
60608,7,45,90,-65.7308,14.7915,33.2616,81
60608,6,0,90,-76.7896,34.4577,33.2616,81
60608,5,0,45,-81.3735,49.0136,33.2616,81
60708,7,45,90,-66.044,15.1511,32.8116,81
60708,6,0,90,-76.6246,34.0236,32.8116,81
60708,5,0,45,-81.2923,48.7094,32.8116,81
60808,7,45,90,-66.3539,15.5154,32.3616,81
60808,6,0,90,-76.4576,33.5898,32.3616,81
60808,5,0,45,-81.2113,48.4074,32.3616,81
60908,7,45,90,-66.6602,15.8841,31.9116,81
60908,6,0,90,-76.2886,33.1565,31.9116,81
60908,5,0,45,-81.1304,48.1077,31.9116,81
61008,7,45,90,-66.9628,16.2569,31.4616,81
61008,6,0,90,-76.1175,32.7236,31.4616,81
61008,5,0,45,-81.0496,47.8104,31.4616,81
61108,7,45,90,-67.2615,16.6335,31.0116,81
61108,6,0,90,-75.9444,32.2912,31.0116,81
61108,5,0,45,-80.969,47.5155,31.0116,81
61208,7,45,90,-67.5563,17.0137,30.5616,81
61208,6,0,90,-75.7691,31.8593,30.5616,81
61208,5,0,45,-80.8885,47.223,30.5616,81
61308,7,45,90,-67.847,17.3972,30.1116,81
61308,6,0,90,-75.5917,31.4278,30.1116,81
61308,5,0,45,-80.8083,46.933,30.1116,81
61408,7,45,90,-68.1338,17.7839,29.6616,81
61408,6,0,90,-75.412,30.997,29.6616,81
61408,5,0,45,-80.7282,46.6456,29.6616,81
61508,7,45,90,-68.4164,18.1734,29.2116,81
61508,6,0,90,-75.2301,30.5666,29.2116,81
61508,5,0,45,-80.6484,46.3607,29.2116,81
61608,7,45,90,-68.695,18.5657,28.7616,81
61608,6,0,90,-75.0458,30.1369,28.7616,81
61608,5,0,45,-80.5688,46.0785,28.7616,81
61708,7,45,90,-68.9695,18.9605,28.3116,81
61708,6,0,90,-74.8591,29.7077,28.3116,81
61708,5,0,45,-80.4895,45.799,28.3116,81
61808,7,45,90,-69.24,19.3578,27.8616,81
61808,6,0,90,-74.67,29.2792,27.8616,81
61808,5,0,45,-80.4105,45.5222,27.8616,81
61908,7,45,90,-69.5065,19.7573,27.4116,81
61908,6,0,90,-74.4784,28.8513,27.4116,81
61908,5,0,45,-80.3318,45.2482,27.4116,81
62008,7,45,90,-69.7691,20.159,26.9616,81
62008,6,0,90,-74.2843,28.4241,26.9616,81
62008,5,0,45,-80.2534,44.977,26.9616,81
62108,7,45,90,-70.0277,20.5626,26.5116,81
62108,6,0,90,-74.0875,27.9976,26.5116,81
62108,5,0,45,-80.1755,44.7087,26.5116,81
62208,7,45,90,-70.2825,20.9681,26.0616,81
62208,6,0,90,-73.8881,27.5719,26.0616,81
62208,5,0,45,-80.0979,44.4433,26.0616,81
62308,7,45,90,-70.5334,21.3754,25.6116,81
62308,6,0,90,-73.686,27.1469,25.6116,81
62308,5,0,45,-80.0207,44.1809,25.6116,81
62408,7,45,90,-70.7807,21.7844,25.1616,81
62408,6,0,90,-73.4811,26.7228,25.1616,81
62408,5,0,45,-79.9439,43.9216,25.1616,81
62508,7,45,90,-71.0243,22.195,24.7116,81
62508,6,0,90,-73.2733,26.2995,24.7116,81
62508,5,0,45,-79.8677,43.6654,24.7116,81
62608,7,45,90,-71.2643,22.6071,24.2616,81
62608,6,0,90,-73.0626,25.8771,24.2616,81
62608,5,0,45,-79.7919,43.4123,24.2616,81
62708,7,45,90,-71.5007,23.0206,23.8116,81
62708,6,0,90,-72.8489,25.4557,23.8116,81
62708,5,0,45,-79.7166,43.1624,23.8116,81
62808,7,45,90,-71.7337,23.4354,23.3616,81
62808,6,0,90,-72.6322,25.0353,23.3616,81
62808,5,0,45,-79.6419,42.9158,23.3616,81
62908,7,45,90,-71.9633,23.8516,22.9116,81
62908,6,0,90,-72.4124,24.6159,22.9116,81
62908,5,0,45,-79.5678,42.6725,22.9116,81
63008,6,0,90,-72.1893,24.1976,22.4616,81
63008,7,45,90,-72.1896,24.2689,22.4616,81
63008,5,0,45,-79.4943,42.4326,22.4616,81
63108,6,0,90,-71.9631,23.7805,22.0116,81
63108,7,45,90,-72.4126,24.6874,22.0116,81
63108,5,0,45,-79.4214,42.1961,22.0116,81
63208,6,0,90,-71.7335,23.3646,21.5616,81
63208,7,45,90,-72.6324,25.1069,21.5616,81
63208,5,0,45,-79.3492,41.9631,21.5616,81
63308,6,0,90,-71.5005,22.95,21.1116,81
63308,7,45,90,-72.8491,25.5275,21.1116,81
63308,5,0,45,-79.2777,41.7337,21.1116,81
63408,6,0,90,-71.264,22.5367,20.6616,81
63408,7,45,90,-73.0628,25.9491,20.6616,81
63408,5,0,45,-79.207,41.5079,20.6616,81
63508,6,0,90,-71.024,22.1249,20.2116,81
63508,7,45,90,-73.2735,26.3717,20.2116,81
63508,5,0,45,-79.137,41.2857,20.2116,81
63608,6,0,90,-70.7804,21.7145,19.7616,81
63608,7,45,90,-73.4813,26.7951,19.7616,81
63608,5,0,45,-79.0678,41.0673,19.7616,81
63708,6,0,90,-70.5332,21.3058,19.3116,81
63708,7,45,90,-73.6862,27.2194,19.3116,81
63708,5,0,45,-78.9995,40.8526,19.3116,81
63808,6,0,90,-70.2822,20.8988,18.8616,81
63808,7,45,90,-73.8883,27.6444,18.8616,81
63808,5,0,45,-78.932,40.6419,18.8616,81
63908,6,0,90,-70.0274,20.4936,18.4116,81
63908,7,45,90,-74.0877,28.0703,18.4116,81
63908,5,0,45,-78.8654,40.435,18.4116,81
64008,6,0,90,-69.7688,20.0903,17.9616,81
64008,7,45,90,-74.2845,28.4969,17.9616,81
64008,5,0,45,-78.7998,40.2321,17.9616,81
64108,6,0,90,-69.5063,19.689,17.5116,81
64108,7,45,90,-74.4786,28.9242,17.5116,81
64108,5,0,45,-78.7351,40.0332,17.5116,81
64208,6,0,90,-69.2398,19.2899,17.0616,81
64208,7,45,90,-74.6702,29.3522,17.0616,81
64208,5,0,45,-78.6715,39.8384,17.0616,81
64308,6,0,90,-68.9693,18.893,16.6116,81
64308,7,45,90,-74.8593,29.7809,16.6116,81
64308,5,0,45,-78.6089,39.6478,16.6116,81
64408,6,0,90,-68.6947,18.4986,16.1616,81
64408,7,45,90,-75.046,30.2101,16.1616,81
64408,5,0,45,-78.5474,39.4613,16.1616,81
64508,6,0,90,-68.4161,18.1068,15.7116,81
64508,7,45,90,-75.2302,30.64,15.7116,81
64508,5,0,45,-78.487,39.2792,15.7116,81
64608,6,0,90,-68.1335,17.7177,15.2616,81
64608,7,45,90,-75.4122,31.0704,15.2616,81
64608,5,0,45,-78.4278,39.1014,15.2616,81
64708,6,0,90,-67.8468,17.3316,14.8116,81
64708,7,45,90,-75.5919,31.5014,14.8116,81
64708,5,0,45,-78.3698,38.9279,14.8116,81
64808,6,0,90,-67.556,16.9486,14.3616,81
64808,7,45,90,-75.7693,31.9329,14.3616,81
64808,5,0,45,-78.313,38.7589,14.3616,81
64908,6,0,90,-67.2612,16.569,13.9116,81
64908,7,45,90,-75.9446,32.3649,13.9116,81
64908,5,0,45,-78.2575,38.5945,13.9116,81
65008,6,0,90,-66.9625,16.1931,13.4616,81
65008,7,45,90,-76.1177,32.7974,13.4616,81
65008,5,0,45,-78.2033,38.4346,13.4616,81
65108,6,0,90,-66.6599,15.8209,13.0116,81
65108,7,45,90,-76.2887,33.2304,13.0116,81
65108,5,0,45,-78.1504,38.2793,13.0116,81
65208,6,0,90,-66.3536,15.453,12.5616,81
65208,7,45,90,-76.4577,33.6638,12.5616,81
65208,5,0,45,-78.0989,38.1287,12.5616,81
65308,6,0,90,-66.0437,15.0894,12.1116,81
65308,7,45,90,-76.6247,34.0976,12.1116,81
65308,5,0,45,-78.0489,37.9828,12.1116,81
65408,6,0,90,-65.7305,14.7307,11.6616,81
65408,7,45,90,-76.7898,34.5318,11.6616,81
65408,5,0,45,-78.0003,37.8417,11.6616,81
65508,6,0,90,-65.4142,14.3771,11.2116,81
65508,7,45,90,-76.9529,34.9665,11.2116,81
65508,5,0,45,-77.9531,37.7054,11.2116,81
65608,6,0,90,-65.0951,14.029,10.7616,81
65608,7,45,90,-77.1142,35.4015,10.7616,81
65608,5,0,45,-77.9076,37.5741,10.7616,81
65708,6,0,90,-64.7735,13.6868,10.3116,81
65708,7,45,90,-77.2736,35.8369,10.3116,81
65708,5,0,45,-77.8635,37.4477,10.3116,81
65808,6,0,90,-64.4501,13.3511,9.86161,81
65808,7,45,90,-77.4312,36.2727,9.86161,81
65808,5,0,45,-77.8211,37.3263,9.86161,81
65908,6,0,90,-64.1253,13.0222,9.41161,81
65908,7,45,90,-77.5871,36.7088,9.41161,81
65908,5,0,45,-77.7802,37.2099,9.41161,81
66008,6,0,90,-63.7998,12.7279,9,81
66008,5,0,45,-77.7411,37.108,9,81
66008,7,45,90,-77.7411,37.108,9,81
66108,6,0,90,-63.7998,12.7279,9,81
66108,5,0,45,-77.7411,37.108,9,81
66108,7,45,90,-77.7411,37.108,9,81
66208,6,0,90,-63.7998,12.7279,9,81
66208,5,0,45,-77.7411,37.108,9,81
66208,7,45,90,-77.7411,37.108,9,81
66308,6,0,90,-63.7998,12.7279,9,81
66308,5,0,45,-77.7411,37.108,9,81
66308,7,45,90,-77.7411,37.108,9,81
66408,6,0,90,-63.7998,12.7279,9,81
66408,5,0,45,-77.7411,37.108,9,81
66408,7,45,90,-77.7411,37.108,9,81
66508,6,0,90,-63.7998,12.7279,9,81
66508,5,0,45,-77.7411,37.108,9,81
66508,7,45,90,-77.7411,37.108,9,81
66608,6,0,90,-63.7998,12.7279,9,81
66608,5,0,45,-77.7411,37.108,9,81
66608,7,45,90,-77.7411,37.108,9,81
66708,6,0,90,-63.7998,12.7279,9,81
66708,5,0,45,-77.7411,37.108,9,81
66708,7,45,90,-77.7411,37.108,9,81
66808,6,0,90,-63.7998,12.7279,9,81
66808,5,0,45,-77.7411,37.108,9,81
66808,7,45,90,-77.7411,37.108,9,81
66908,6,0,90,-63.7998,12.7279,9,81
66908,5,0,45,-77.7411,37.108,9,81
66908,7,45,90,-77.7411,37.108,9,81
67008,6,0,90,-63.7998,12.7279,9,81
67008,5,0,45,-77.7411,37.108,9,81
67008,7,45,90,-77.7411,37.108,9,81
67108,6,0,90,-63.7998,12.7279,9,81
67108,5,0,45,-77.7411,37.108,9,81
67108,7,45,90,-77.7411,37.108,9,81
67208,6,0,90,-63.7998,12.7279,9,81
67208,5,0,45,-77.7411,37.108,9,81
67208,7,45,90,-77.7411,37.108,9,81
67308,6,0,90,-63.7998,12.7279,9,81
67308,5,0,45,-77.7411,37.108,9,81
67308,7,45,90,-77.7411,37.108,9,81
67408,6,0,90,-63.7998,12.7279,9,81
67408,5,0,45,-77.7411,37.108,9,81
67408,7,45,90,-77.7411,37.108,9,81
67508,6,0,90,-63.7998,12.7279,9,81
67508,5,0,45,-77.7411,37.108,9,81
67508,7,45,90,-77.7411,37.108,9,81
67608,6,0,90,-63.7998,12.7279,9,81
67608,5,0,45,-77.7411,37.108,9,81
67608,7,45,90,-77.7411,37.108,9,81
67708,6,0,90,-63.7998,12.7279,9,81
67708,5,0,45,-77.7411,37.108,9,81
67708,7,45,90,-77.7411,37.108,9,81
67808,6,0,90,-63.7998,12.7279,9,81
67808,5,0,45,-77.7411,37.108,9,81
67808,7,45,90,-77.7411,37.108,9,81
67908,6,0,90,-63.7998,12.7279,9,81
67908,5,0,45,-77.7411,37.108,9,81
67908,7,45,90,-77.7411,37.108,9,81
68008,6,0,90,-63.7998,12.7279,9,81
68008,5,0,45,-77.7411,37.108,9,81
68008,7,45,90,-77.7411,37.108,9,81
68108,6,0,90,-63.7998,12.7279,9,81
68108,5,0,45,-77.7411,37.108,9,81
68108,7,45,90,-77.7411,37.108,9,81
68208,6,0,90,-63.7998,12.7279,9,81
68208,5,0,45,-77.7411,37.108,9,81
68208,7,45,90,-77.7411,37.108,9,81
68308,6,0,90,-63.7998,12.7279,9,81
68308,5,0,45,-77.7411,37.108,9,81
68308,7,45,90,-77.7411,37.108,9,81
68408,6,0,90,-63.7998,12.7279,9,81
68408,5,0,45,-77.7411,37.108,9,81
68408,7,45,90,-77.7411,37.108,9,81
68508,6,0,90,-63.7998,12.7279,9,81
68508,5,0,45,-77.7411,37.108,9,81
68508,7,45,90,-77.7411,37.108,9,81
68608,6,0,90,-63.7998,12.7279,9,81
68608,5,0,45,-77.7411,37.108,9,81
68608,7,45,90,-77.7411,37.108,9,81
68708,6,0,90,-63.7998,12.7279,9,81
68708,5,0,45,-77.7411,37.108,9,81
68708,7,45,90,-77.7411,37.108,9,81
68808,6,0,90,-63.7998,12.7279,9,81
68808,5,0,45,-77.7411,37.108,9,81
68808,7,45,90,-77.7411,37.108,9,81
68908,6,0,90,-63.7998,12.7279,9,81
68908,5,0,45,-77.7411,37.108,9,81
68908,7,45,90,-77.7411,37.108,9,81
69008,6,0,90,-63.7998,12.7279,9,81
69008,5,0,45,-77.7411,37.108,9,81
69008,7,45,90,-77.7411,37.108,9,81
69108,6,0,90,-63.7998,12.7279,9,81
69108,5,0,45,-77.7411,37.108,9,81
69108,7,45,90,-77.7411,37.108,9,81
69208,6,0,90,-63.7998,12.7279,9,81
69208,5,0,45,-77.7411,37.108,9,81
69208,7,45,90,-77.7411,37.108,9,81
69308,6,0,90,-63.7998,12.7279,9,81
69308,5,0,45,-77.7411,37.108,9,81
69308,7,45,90,-77.7411,37.108,9,81
69408,6,0,90,-63.7998,12.7279,9,81
69408,5,0,45,-77.7411,37.108,9,81
69408,7,45,90,-77.7411,37.108,9,81
69508,6,0,90,-63.7998,12.7279,9,81
69508,5,0,45,-77.7411,37.108,9,81
69508,7,45,90,-77.7411,37.108,9,81
69608,6,0,90,-63.7998,12.7279,9,81
69608,5,0,45,-77.7411,37.108,9,81
69608,7,45,90,-77.7411,37.108,9,81
69708,6,0,90,-63.7998,12.7279,9,81
69708,5,0,45,-77.7411,37.108,9,81
69708,7,45,90,-77.7411,37.108,9,81
69808,6,0,90,-63.7998,12.7279,9,81
69808,5,0,45,-77.7411,37.108,9,81
69808,7,45,90,-77.7411,37.108,9,81
69908,6,0,90,-63.7998,12.7279,9,81
69908,5,0,45,-77.7411,37.108,9,81
69908,7,45,90,-77.7411,37.108,9,81
70008,6,0,90,-63.8,12.7551,9,80.9616
70008,5,0,45,-77.741,37.0707,9,80.9616
70008,7,45,90,-77.7411,37.1173,9,80.9616
70108,6,0,90,-64.1256,13.0778,9,80.5116
70108,5,0,45,-77.5869,36.6343,9,80.5116
70108,7,45,90,-77.7803,37.2294,9,80.5116
70208,6,0,90,-64.4504,13.4079,9,80.0616
70208,5,0,45,-77.431,36.1983,9,80.0616
70208,7,45,90,-77.8211,37.3466,9,80.0616
70308,6,0,90,-64.7739,13.7448,9,79.6116
70308,5,0,45,-77.2734,35.7626,9,79.6116
70308,7,45,90,-77.8636,37.4689,9,79.6116
70408,6,0,90,-65.0954,14.088,9,79.1616
70408,5,0,45,-77.114,35.3273,9,79.1616
70408,7,45,90,-77.9076,37.5962,9,79.1616
70508,6,0,90,-65.4145,14.437,9,78.7116
70508,5,0,45,-76.9528,34.8923,9,78.7116
70508,7,45,90,-77.9532,37.7283,9,78.7116
70608,6,0,90,-65.7308,14.7915,9,78.2616
70608,5,0,45,-76.7896,34.4577,9,78.2616
70608,7,45,90,-78.0003,37.8654,9,78.2616
70708,6,0,90,-66.044,15.1511,9,77.8116
70708,5,0,45,-76.6246,34.0236,9,77.8116
70708,7,45,90,-78.0489,38.0073,9,77.8116
70808,6,0,90,-66.3539,15.5154,9,77.3616
70808,5,0,45,-76.4576,33.5898,9,77.3616
70808,7,45,90,-78.099,38.154,9,77.3616
70908,6,0,90,-66.6602,15.8841,9,76.9116
70908,5,0,45,-76.2886,33.1565,9,76.9116
70908,7,45,90,-78.1505,38.3054,9,76.9116
71008,6,0,90,-66.9628,16.2569,9,76.4616
71008,5,0,45,-76.1175,32.7236,9,76.4616
71008,7,45,90,-78.2033,38.4615,9,76.4616
71108,6,0,90,-67.2615,16.6335,9,76.0116
71108,5,0,45,-75.9444,32.2912,9,76.0116
71108,7,45,90,-78.2576,38.6222,9,76.0116
71208,6,0,90,-67.5563,17.0137,9,75.5616
71208,5,0,45,-75.7691,31.8593,9,75.5616
71208,7,45,90,-78.3131,38.7875,9,75.5616
71308,6,0,90,-67.847,17.3972,9,75.1116
71308,5,0,45,-75.5917,31.4278,9,75.1116
71308,7,45,90,-78.3699,38.9572,9,75.1116
71408,6,0,90,-68.1338,17.7839,9,74.6616
71408,5,0,45,-75.412,30.997,9,74.6616
71408,7,45,90,-78.4279,39.1314,9,74.6616
71508,6,0,90,-68.4164,18.1734,9,74.2116
71508,5,0,45,-75.2301,30.5666,9,74.2116
71508,7,45,90,-78.4871,39.31,9,74.2116
71608,6,0,90,-68.695,18.5657,9,73.7616
71608,5,0,45,-75.0458,30.1369,9,73.7616
71608,7,45,90,-78.5475,39.4928,9,73.7616
71708,6,0,90,-68.9695,18.9605,9,73.3116
71708,5,0,45,-74.8591,29.7077,9,73.3116
71708,7,45,90,-78.609,39.68,9,73.3116
71808,6,0,90,-69.24,19.3578,9,72.8616
71808,5,0,45,-74.67,29.2792,9,72.8616
71808,7,45,90,-78.6716,39.8713,9,72.8616
71908,6,0,90,-69.5065,19.7573,9,72.4116
71908,5,0,45,-74.4784,28.8513,9,72.4116
71908,7,45,90,-78.7352,40.0668,9,72.4116
72008,6,0,90,-69.7691,20.159,9,71.9616
72008,5,0,45,-74.2843,28.4241,9,71.9616
72008,7,45,90,-78.7999,40.2664,9,71.9616
72108,6,0,90,-70.0277,20.5626,9,71.5116
72108,5,0,45,-74.0875,27.9976,9,71.5116
72108,7,45,90,-78.8655,40.47,9,71.5116
72208,6,0,90,-70.2825,20.9681,9,71.0616
72208,5,0,45,-73.8881,27.5719,9,71.0616
72208,7,45,90,-78.9321,40.6775,9,71.0616
72308,6,0,90,-70.5334,21.3754,9,70.6116
72308,5,0,45,-73.686,27.1469,9,70.6116
72308,7,45,90,-78.9995,40.889,9,70.6116
72408,6,0,90,-70.7807,21.7844,9,70.1616
72408,5,0,45,-73.4811,26.7228,9,70.1616
72408,7,45,90,-79.0679,41.1043,9,70.1616
72508,6,0,90,-71.0243,22.195,9,69.7116
72508,5,0,45,-73.2733,26.2995,9,69.7116
72508,7,45,90,-79.1371,41.3233,9,69.7116
72608,6,0,90,-71.2643,22.6071,9,69.2616
72608,5,0,45,-73.0626,25.8771,9,69.2616
72608,7,45,90,-79.207,41.5461,9,69.2616
72708,6,0,90,-71.5007,23.0206,9,68.8116
72708,5,0,45,-72.8489,25.4557,9,68.8116
72708,7,45,90,-79.2778,41.7726,9,68.8116
72808,6,0,90,-71.7337,23.4354,9,68.3616
72808,5,0,45,-72.6322,25.0353,9,68.3616
72808,7,45,90,-79.3493,42.0026,9,68.3616
72908,6,0,90,-71.9633,23.8516,9,67.9116
72908,5,0,45,-72.4124,24.6159,9,67.9116
72908,7,45,90,-79.4215,42.2362,9,67.9116
73008,5,0,45,-72.1893,24.1976,9,67.4616
73008,6,0,90,-72.1896,24.2689,9,67.4616
73008,7,45,90,-79.4944,42.4733,9,67.4616
73108,5,0,45,-71.9631,23.7805,9,67.0116
73108,6,0,90,-72.4126,24.6874,9,67.0116
73108,7,45,90,-79.5679,42.7138,9,67.0116
73208,5,0,45,-71.7335,23.3646,9,66.5616
73208,6,0,90,-72.6324,25.1069,9,66.5616
73208,7,45,90,-79.642,42.9576,9,66.5616
73308,5,0,45,-71.5005,22.95,9,66.1116
73308,6,0,90,-72.8491,25.5275,9,66.1116
73308,7,45,90,-79.7167,43.2048,9,66.1116
73408,5,0,45,-71.264,22.5367,9,65.6616
73408,6,0,90,-73.0628,25.9491,9,65.6616
73408,7,45,90,-79.792,43.4552,9,65.6616
73508,5,0,45,-71.024,22.1249,9,65.2116
73508,6,0,90,-73.2735,26.3717,9,65.2116
73508,7,45,90,-79.8677,43.7089,9,65.2116
73608,5,0,45,-70.7804,21.7145,9,64.7616
73608,6,0,90,-73.4813,26.7951,9,64.7616
73608,7,45,90,-79.944,43.9656,9,64.7616
73708,5,0,45,-70.5332,21.3058,9,64.3116
73708,6,0,90,-73.6862,27.2194,9,64.3116
73708,7,45,90,-80.0207,44.2255,9,64.3116
73808,5,0,45,-70.2822,20.8988,9,63.8616
73808,6,0,90,-73.8883,27.6444,9,63.8616
73808,7,45,90,-80.0979,44.4884,9,63.8616
73908,5,0,45,-70.0274,20.4936,9,63.4116
73908,6,0,90,-74.0877,28.0703,9,63.4116
73908,7,45,90,-80.1755,44.7542,9,63.4116
74008,5,0,45,-69.7688,20.0903,9,62.9616
74008,6,0,90,-74.2845,28.4969,9,62.9616
74008,7,45,90,-80.2535,45.023,9,62.9616
74108,5,0,45,-69.5063,19.689,9,62.5116
74108,6,0,90,-74.4786,28.9242,9,62.5116
74108,7,45,90,-80.3319,45.2947,9,62.5116
74208,5,0,45,-69.2398,19.2899,9,62.0616
74208,6,0,90,-74.6702,29.3522,9,62.0616
74208,7,45,90,-80.4106,45.5692,9,62.0616
74308,5,0,45,-68.9693,18.893,9,61.6116
74308,6,0,90,-74.8593,29.7809,9,61.6116
74308,7,45,90,-80.4896,45.8465,9,61.6116
74408,5,0,45,-68.6947,18.4986,9,61.1616
74408,6,0,90,-75.046,30.2101,9,61.1616
74408,7,45,90,-80.5689,46.1265,9,61.1616
74508,5,0,45,-68.4161,18.1068,9,60.7116
74508,6,0,90,-75.2302,30.64,9,60.7116
74508,7,45,90,-80.6484,46.4092,9,60.7116
74608,5,0,45,-68.1335,17.7177,9,60.2616
74608,6,0,90,-75.4122,31.0704,9,60.2616
74608,7,45,90,-80.7283,46.6944,9,60.2616
74708,5,0,45,-67.8468,17.3316,9,59.8116
74708,6,0,90,-75.5919,31.5014,9,59.8116
74708,7,45,90,-80.8083,46.9823,9,59.8116
74808,5,0,45,-67.556,16.9486,9,59.3616
74808,6,0,90,-75.7693,31.9329,9,59.3616
74808,7,45,90,-80.8886,47.2727,9,59.3616
74908,5,0,45,-67.2612,16.569,9,58.9116
74908,6,0,90,-75.9446,32.3649,9,58.9116
74908,7,45,90,-80.9691,47.5656,9,58.9116
75008,5,0,45,-66.9625,16.1931,9,58.4616
75008,6,0,90,-76.1177,32.7974,9,58.4616
75008,7,45,90,-81.0497,47.8609,9,58.4616
75108,5,0,45,-66.6599,15.8209,9,58.0116
75108,6,0,90,-76.2887,33.2304,9,58.0116
75108,7,45,90,-81.1305,48.1587,9,58.0116
75208,5,0,45,-66.3536,15.453,9,57.5616
75208,6,0,90,-76.4577,33.6638,9,57.5616
75208,7,45,90,-81.2114,48.4587,9,57.5616
75308,5,0,45,-66.0437,15.0894,9,57.1116
75308,6,0,90,-76.6247,34.0976,9,57.1116
75308,7,45,90,-81.2924,48.7611,9,57.1116
75408,5,0,45,-65.7305,14.7307,9,56.6616
75408,6,0,90,-76.7898,34.5318,9,56.6616
75408,7,45,90,-81.3736,49.0658,9,56.6616
75508,5,0,45,-65.4142,14.3771,9,56.2116
75508,6,0,90,-76.9529,34.9665,9,56.2116
75508,7,45,90,-81.4548,49.3726,9,56.2116
75608,5,0,45,-65.0951,14.029,9,55.7616
75608,6,0,90,-77.1142,35.4015,9,55.7616
75608,7,45,90,-81.5361,49.6817,9,55.7616
75708,5,0,45,-64.7735,13.6868,9,55.3116
75708,6,0,90,-77.2736,35.8369,9,55.3116
75708,7,45,90,-81.6174,49.9928,9,55.3116
75808,5,0,45,-64.4501,13.3511,9,54.8616
75808,6,0,90,-77.4312,36.2727,9,54.8616
75808,7,45,90,-81.6988,50.3061,9,54.8616
75908,5,0,45,-64.1253,13.0222,9,54.4116
75908,6,0,90,-77.5871,36.7088,9,54.4116
75908,7,45,90,-81.7802,50.6215,9,54.4116
76008,5,0,45,-63.7997,12.7008,9,53.9616
76008,6,0,90,-77.7412,37.1452,9,53.9616
76008,7,45,90,-81.8617,50.9388,9,53.9616
76108,5,0,45,-63.4741,12.3874,9,53.5116
76108,6,0,90,-77.8936,37.5819,9,53.5116
76108,7,45,90,-81.9431,51.2582,9,53.5116
76208,5,0,45,-63.1494,12.0826,9,53.0616
76208,6,0,90,-78.0444,38.019,9,53.0616
76308,5,0,45,-62.8266,11.7871,9,52.6116
76308,6,0,90,-78.1936,38.4564,9,52.6116
76408,5,0,45,-62.5069,11.5017,9,52.1616
76408,6,0,90,-78.3411,38.894,9,52.1616
76508,5,0,45,-62.1915,11.227,9,51.7116
76508,6,0,90,-78.4871,39.3319,9,51.7116
76608,5,0,45,-61.882,10.9639,9,51.2616
76608,6,0,90,-78.6316,39.7701,9,51.2616
76708,5,0,45,-61.58,10.7133,9,50.8116
76708,6,0,90,-78.7746,40.2086,9,50.8116
76808,5,0,45,-61.2873,10.476,9,50.3616
76808,6,0,90,-78.9161,40.6473,9,50.3616
76808,1,0,0,-81.9344,51.1595,9,50.3616
76908,5,0,45,-61.0059,10.253,9,49.9116
76908,6,0,90,-79.0562,41.0862,9,49.9116
76908,1,0,0,-81.8212,50.7166,9,49.9116
77008,5,0,45,-60.7379,10.0452,9,49.4616
77008,6,0,90,-79.1948,41.5254,9,49.4616
77008,1,0,0,-81.7071,50.2738,9,49.4616
77108,5,0,45,-60.4855,9.85358,9,49.0116
77108,6,0,90,-79.3321,41.9648,9,49.0116
77108,1,0,0,-81.5919,49.8311,9,49.0116
77208,5,0,45,-60.2511,9.67911,9,48.5616
77208,6,0,90,-79.468,42.4045,9,48.5616
77208,1,0,0,-81.4758,49.3886,9,48.5616
77308,5,0,45,-60.0371,9.52272,9,48.1116
77308,6,0,90,-79.6026,42.8443,9,48.1116
77308,1,0,0,-81.3586,48.9462,9,48.1116
77408,5,0,45,-59.8457,9.38532,9,47.6616
77408,6,0,90,-79.7358,43.2844,9,47.6616
77408,1,0,0,-81.2405,48.5039,9,47.6616
77508,5,0,45,-59.6792,9.26775,9,47.2116
77508,6,0,90,-79.8678,43.7247,9,47.2116
77508,1,0,0,-81.1213,48.0618,9,47.2116
77608,5,0,45,-59.5398,9.17078,9,46.7616
77608,6,0,90,-79.9985,44.1651,9,46.7616
77608,1,0,0,-81.001,47.6198,9,46.7616
77708,5,0,45,-59.4293,9.09507,9,46.3116
77708,6,0,90,-80.1279,44.6058,9,46.3116
77708,1,0,0,-80.8796,47.178,9,46.3116
77808,5,0,45,-59.3492,9.04115,9,45.8616
77808,6,0,90,-80.2561,45.0466,9,45.8616
77808,1,0,0,-80.7572,46.7364,9,45.8616
77908,5,0,45,-59.3006,9.00941,9,45.4116
77908,6,0,90,-80.3832,45.4876,9,45.4116
77908,1,0,0,-80.6336,46.2949,9,45.4116
78008,5,0,45,-59.2844,9.00008,9,44.9616
78008,1,0,0,-80.5089,45.8535,9,44.9616
78008,6,0,90,-80.509,45.9288,9,44.9616
78108,5,0,45,-59.3007,9.01324,9,44.5116
78108,1,0,0,-80.3831,45.4124,9,44.5116
78108,6,0,90,-80.6337,46.3702,9,44.5116
78208,5,0,45,-59.3492,9.04879,9,44.0616
78208,1,0,0,-80.256,44.9714,9,44.0616
78208,6,0,90,-80.7573,46.8117,9,44.0616
78308,5,0,45,-59.4294,9.10646,9,43.6116
78308,1,0,0,-80.1278,44.5306,9,43.6116
78308,6,0,90,-80.8798,47.2534,9,43.6116
78408,5,0,45,-59.5399,9.18584,9,43.1616
78408,1,0,0,-79.9983,44.09,9,43.1616
78408,6,0,90,-81.0011,47.6952,9,43.1616
78508,5,0,45,-59.6794,9.28637,9,42.7116
78508,1,0,0,-79.8676,43.6495,9,42.7116
78508,6,0,90,-81.1214,48.1372,9,42.7116
78608,5,0,45,-59.8459,9.40738,9,42.2616
78608,1,0,0,-79.7357,43.2093,9,42.2616
78608,6,0,90,-81.2406,48.5794,9,42.2616
78708,5,0,45,-60.0373,9.54808,9,41.8116
78708,1,0,0,-79.6024,42.7693,9,41.8116
78708,6,0,90,-81.3588,49.0216,9,41.8116
78808,5,0,45,-60.2514,9.70762,9,41.3616
78808,1,0,0,-79.4679,42.3295,9,41.3616
78808,6,0,90,-81.4759,49.4641,9,41.3616
78908,5,0,45,-60.4858,9.88508,9,40.9116
78908,1,0,0,-79.332,41.8899,9,40.9116
78908,6,0,90,-81.592,49.9066,9,40.9116
79008,5,0,45,-60.7382,10.0795,9,40.4616
79008,1,0,0,-79.1947,41.4505,9,40.4616
79008,6,0,90,-81.7072,50.3493,9,40.4616
79108,5,0,45,-61.0062,10.29,9,40.0116
79108,1,0,0,-79.056,41.0113,9,40.0116
79108,6,0,90,-81.8214,50.7921,9,40.0116
79208,5,0,45,-61.2876,10.5155,9,39.5616
79208,1,0,0,-78.916,40.5724,9,39.5616
79208,6,0,90,-81.9346,51.2351,9,39.5616
79308,5,0,45,-61.5803,10.7551,9,39.1116
79308,1,0,0,-78.7745,40.1338,9,39.1116
79408,5,0,45,-61.8823,11.008,9,38.6616
79408,1,0,0,-78.6315,39.6953,9,38.6616
79508,5,0,45,-62.1918,11.2731,9,38.2116
79508,1,0,0,-78.487,39.2572,9,38.2116
79608,5,0,45,-62.5072,11.5496,9,37.7616
79608,1,0,0,-78.341,38.8193,9,37.7616
79708,5,0,45,-62.8269,11.8369,9,37.3116
79708,1,0,0,-78.1934,38.3817,9,37.3116
79808,5,0,45,-63.1497,12.134,9,36.8616
79808,1,0,0,-78.0443,37.9444,9,36.8616
79908,5,0,45,-63.4744,12.4403,9,36.4116
79908,1,0,0,-77.8935,37.5074,9,36.4116
79908,2,45,0,-81.943,51.2036,9,36.4116
80008,5,0,45,-63.8,12.7551,9,35.9616
80008,1,0,0,-77.741,37.0707,9,35.9616
80008,2,45,0,-81.8616,50.8846,9,35.9616
80108,5,0,45,-64.1256,13.0778,9,35.5116
80108,1,0,0,-77.5869,36.6343,9,35.5116
80108,2,45,0,-81.7802,50.5675,9,35.5116
80208,5,0,45,-64.4504,13.4079,9,35.0616
80208,1,0,0,-77.431,36.1983,9,35.0616
80208,2,45,0,-81.6987,50.2525,9,35.0616
80308,5,0,45,-64.7739,13.7448,9,34.6116
80308,1,0,0,-77.2734,35.7626,9,34.6116
80308,2,45,0,-81.6174,49.9396,9,34.6116
80408,5,0,45,-65.0954,14.088,9,34.1616
80408,1,0,0,-77.114,35.3273,9,34.1616
80408,2,45,0,-81.536,49.6288,9,34.1616
80508,5,0,45,-65.4145,14.437,9,33.7116
80508,1,0,0,-76.9528,34.8923,9,33.7116
80508,2,45,0,-81.4547,49.3201,9,33.7116
80608,5,0,45,-65.7308,14.7915,9,33.2616
80608,1,0,0,-76.7896,34.4577,9,33.2616
80608,2,45,0,-81.3735,49.0136,9,33.2616
80708,5,0,45,-66.044,15.1511,9,32.8116
80708,1,0,0,-76.6246,34.0236,9,32.8116
80708,2,45,0,-81.2923,48.7094,9,32.8116
80808,5,0,45,-66.3539,15.5154,9,32.3616
80808,1,0,0,-76.4576,33.5898,9,32.3616
80808,2,45,0,-81.2113,48.4074,9,32.3616
80908,5,0,45,-66.6602,15.8841,9,31.9116
80908,1,0,0,-76.2886,33.1565,9,31.9116
80908,2,45,0,-81.1304,48.1077,9,31.9116
81008,5,0,45,-66.9628,16.2569,9,31.4616
81008,1,0,0,-76.1175,32.7236,9,31.4616
81008,2,45,0,-81.0496,47.8104,9,31.4616
81108,5,0,45,-67.2615,16.6335,9,31.0116
81108,1,0,0,-75.9444,32.2912,9,31.0116
81108,2,45,0,-80.969,47.5155,9,31.0116
81208,5,0,45,-67.5563,17.0137,9,30.5616
81208,1,0,0,-75.7691,31.8593,9,30.5616
81208,2,45,0,-80.8885,47.223,9,30.5616
81308,5,0,45,-67.847,17.3972,9,30.1116
81308,1,0,0,-75.5917,31.4278,9,30.1116
81308,2,45,0,-80.8083,46.933,9,30.1116
81408,5,0,45,-68.1338,17.7839,9,29.6616
81408,1,0,0,-75.412,30.997,9,29.6616
81408,2,45,0,-80.7282,46.6456,9,29.6616
81508,5,0,45,-68.4164,18.1734,9,29.2116
81508,1,0,0,-75.2301,30.5666,9,29.2116
81508,2,45,0,-80.6484,46.3607,9,29.2116
81608,5,0,45,-68.695,18.5657,9,28.7616
81608,1,0,0,-75.0458,30.1369,9,28.7616
81608,2,45,0,-80.5688,46.0785,9,28.7616
81708,5,0,45,-68.9695,18.9605,9,28.3116
81708,1,0,0,-74.8591,29.7077,9,28.3116
81708,2,45,0,-80.4895,45.799,9,28.3116
81808,5,0,45,-69.24,19.3578,9,27.8616
81808,1,0,0,-74.67,29.2792,9,27.8616
81808,2,45,0,-80.4105,45.5222,9,27.8616
81908,5,0,45,-69.5065,19.7573,9,27.4116
81908,1,0,0,-74.4784,28.8513,9,27.4116
81908,2,45,0,-80.3318,45.2482,9,27.4116
